{
  "type": "FeatureCollection",
  "attribution": "© OpenStreetMap contributors",
  "license": "ODbL-1.0",
  "features": [
    {
      "type": "Feature",
      "geometry": {
        "type": "Polygon",
        "coordinates": [
          [
            [
              10.5256798,
              52.2637235
            ],
            [
              10.5256674,
              52.2637632
            ],
            [
              10.5257324,
              52.2637676
            ],
            [
              10.525729,
              52.2638254
            ],
            [
              10.5258098,
              52.2638277
            ],
            [
              10.5259217,
              52.2638293
            ],
            [
              10.526147,
              52.2638321
            ],
            [
              10.5261474,
              52.2637079
            ],
            [
              10.5256798,
              52.2637235
            ]
          ]
        ]
      },
      "properties": {
        "key": "osm-node-10728221424",
        "name": "Hans im Glück",
        "city": "Braunschweig",
        "street": "Bohlweg 19",
        "zip": "38100",
        "category": 14,
        "lat": 52.263771055700005,
        "lng": 10.526049480000001,
        "pin_method": "INTERIOR_MAX_CLEARANCE_GRID",
        "original_poi": [
          10.52607,
          52.2637658
        ],
        "pin_shift_m": 1.5155302883092705,
        "source_url": "https://www.openstreetmap.org/node/10728221424",
        "source_version": 6,
        "source_timestamp": "2026-04-02T10:05:43Z",
        "building_source_url": "https://www.openstreetmap.org/way/116132643",
        "building_version": 15,
        "building_timestamp": "2023-03-11T19:05:44Z",
        "address_fields_from_building": [],
        "website_original": "https://hansimglueck-burgergrill.de/burger-restaurant/braunschweig-residenzschloss/",
        "website": "https://hansimglueck-burgergrill.de/burger-restaurant/braunschweig-residenzschloss/",
        "polygon_status": "CONTAINING_BUILDING_NOT_TENANCY_VERIFIED",
        "status": "OSM_SOURCED_NOT_OPERATOR_VERIFIED",
        "chat_radius_km": 0.0033,
        "boundary_clearance_m": 6.6569503842049205,
        "boundary_margin_m": 3.3,
        "radius_status": "CIRCLE_INSIDE_OSM_BUILDING_NOT_GPS_GUARANTEE",
        "view_km": 32.0
      }
    },
    {
      "type": "Feature",
      "geometry": {
        "type": "Polygon",
        "coordinates": [
          [
            [
              10.7692652,
              52.3532449
            ],
            [
              10.7694685,
              52.353171
            ],
            [
              10.769494,
              52.3531973
            ],
            [
              10.7696068,
              52.3531563
            ],
            [
              10.7694985,
              52.3530451
            ],
            [
              10.7694087,
              52.3530777
            ],
            [
              10.7693946,
              52.3530632
            ],
            [
              10.7691684,
              52.3531454
            ],
            [
              10.769214,
              52.3531923
            ],
            [
              10.7692652,
              52.3532449
            ]
          ]
        ]
      },
      "properties": {
        "key": "osm-way-233744031",
        "name": "Hasenwinkel Stuben",
        "city": "Wolfsburg",
        "street": "Neue Straße 52",
        "zip": "38444",
        "category": 14,
        "lat": 52.353157687300005,
        "lng": 10.7693198672,
        "pin_method": "INTERIOR_MAX_CLEARANCE_GRID",
        "original_poi": null,
        "pin_shift_m": 0,
        "source_url": "https://www.openstreetmap.org/way/233744031",
        "source_version": 5,
        "source_timestamp": "2021-09-30T19:39:23Z",
        "building_source_url": "https://www.openstreetmap.org/way/233744031",
        "building_version": 5,
        "building_timestamp": "2021-09-30T19:39:23Z",
        "address_fields_from_building": [],
        "website_original": null,
        "website": null,
        "polygon_status": "CONTAINING_BUILDING_NOT_TENANCY_VERIFIED",
        "status": "OSM_SOURCED_NOT_OPERATOR_VERIFIED",
        "chat_radius_km": 0.0031,
        "boundary_clearance_m": 6.441324270788888,
        "boundary_margin_m": 3.3,
        "radius_status": "CIRCLE_INSIDE_OSM_BUILDING_NOT_GPS_GUARANTEE",
        "view_km": 32.0
      }
    },
    {
      "type": "Feature",
      "geometry": {
        "type": "Polygon",
        "coordinates": [
          [
            [
              10.2305731,
              52.3203165
            ],
            [
              10.2305205,
              52.3203141
            ],
            [
              10.2305266,
              52.3202972
            ],
            [
              10.2304457,
              52.3202911
            ],
            [
              10.2303989,
              52.3202917
            ],
            [
              10.2303676,
              52.3203069
            ],
            [
              10.230305,
              52.3203743
            ],
            [
              10.2304828,
              52.3204373
            ],
            [
              10.230521,
              52.3203989
            ],
            [
              10.2305731,
              52.3203165
            ]
          ]
        ]
      },
      "properties": {
        "key": "osm-node-3782285156",
        "name": "Eiscafe Gondola",
        "city": "Peine",
        "street": "Schützenstraße 1",
        "zip": "31224",
        "category": 5,
        "lat": 52.3203524309,
        "lng": 10.230442669350001,
        "pin_method": "INTERIOR_MAX_CLEARANCE_GRID",
        "original_poi": [
          10.2304345,
          52.3203253
        ],
        "pin_shift_m": 3.0709405723738255,
        "source_url": "https://www.openstreetmap.org/node/3782285156",
        "source_version": 4,
        "source_timestamp": "2018-11-23T10:20:53Z",
        "building_source_url": "https://www.openstreetmap.org/way/374848526",
        "building_version": 4,
        "building_timestamp": "2026-02-12T16:53:04Z",
        "address_fields_from_building": [
          "addr:city",
          "addr:street",
          "addr:housenumber",
          "addr:postcode"
        ],
        "website_original": null,
        "website": null,
        "polygon_status": "CONTAINING_BUILDING_NOT_TENANCY_VERIFIED",
        "status": "OSM_SOURCED_NOT_OPERATOR_VERIFIED",
        "chat_radius_km": 0.0035,
        "boundary_clearance_m": 6.801016026713548,
        "boundary_margin_m": 3.3,
        "radius_status": "CIRCLE_INSIDE_OSM_BUILDING_NOT_GPS_GUARANTEE",
        "view_km": 32.0
      }
    },
    {
      "type": "Feature",
      "geometry": {
        "type": "Polygon",
        "coordinates": [
          [
            [
              9.7361092,
              52.3709302
            ],
            [
              9.7360421,
              52.3709763
            ],
            [
              9.735743,
              52.3711863
            ],
            [
              9.7357086,
              52.3712095
            ],
            [
              9.7355854,
              52.3712945
            ],
            [
              9.7357785,
              52.3713999
            ],
            [
              9.7357999,
              52.3714115
            ],
            [
              9.7358488,
              52.3714382
            ],
            [
              9.7358718,
              52.3714507
            ],
            [
              9.7359775,
              52.3715084
            ],
            [
              9.7360958,
              52.3714157
            ],
            [
              9.73613,
              52.3713909
            ],
            [
              9.7361629,
              52.371367
            ],
            [
              9.7363559,
              52.37122
            ],
            [
              9.7364235,
              52.3711709
            ],
            [
              9.7361092,
              52.3709302
            ]
          ]
        ]
      },
      "properties": {
        "key": "osm-node-5894420290",
        "name": "Atrium",
        "city": "Hannover",
        "street": "Karmarschstraße 42",
        "zip": "30159",
        "category": 14,
        "lat": 52.3712353,
        "lng": 9.7360212,
        "pin_method": "OSM_POI_INSIDE_BUILDING",
        "original_poi": [
          9.7360212,
          52.3712353
        ],
        "pin_shift_m": 0.0,
        "source_url": "https://www.openstreetmap.org/node/5894420290",
        "source_version": 2,
        "source_timestamp": "2024-08-23T09:08:37Z",
        "building_source_url": "https://www.openstreetmap.org/way/5121356",
        "building_version": 18,
        "building_timestamp": "2025-07-14T17:24:21Z",
        "address_fields_from_building": [],
        "website_original": "https://www.altes-rathaus-hannover.de/",
        "website": "https://www.altes-rathaus-hannover.de/",
        "polygon_status": "CONTAINING_BUILDING_NOT_TENANCY_VERIFIED",
        "status": "OSM_SOURCED_NOT_OPERATOR_VERIFIED",
        "chat_radius_km": 0.013300000000000001,
        "boundary_clearance_m": 16.684170824624506,
        "boundary_margin_m": 3.3,
        "radius_status": "CIRCLE_INSIDE_OSM_BUILDING_NOT_GPS_GUARANTEE",
        "view_km": 32.0
      }
    },
    {
      "type": "Feature",
      "geometry": {
        "type": "Polygon",
        "coordinates": [
          [
            [
              9.9521758,
              52.1515893
            ],
            [
              9.952007,
              52.1514049
            ],
            [
              9.9518342,
              52.1514054
            ],
            [
              9.9518343,
              52.1514588
            ],
            [
              9.951938,
              52.151569
            ],
            [
              9.9520223,
              52.1516498
            ],
            [
              9.9521758,
              52.1515893
            ]
          ]
        ]
      },
      "properties": {
        "key": "osm-node-3782401686",
        "name": "Qvevri",
        "city": "Hildesheim",
        "street": "Scheelenstraße 21",
        "zip": "31134",
        "category": 5,
        "lat": 52.1514533,
        "lng": 9.9519578,
        "pin_method": "OSM_POI_INSIDE_BUILDING",
        "original_poi": [
          9.9519578,
          52.1514533
        ],
        "pin_shift_m": 0.0,
        "source_url": "https://www.openstreetmap.org/node/3782401686",
        "source_version": 13,
        "source_timestamp": "2026-09-01T14:56:18Z",
        "building_source_url": "https://www.openstreetmap.org/way/197704761",
        "building_version": 6,
        "building_timestamp": "2022-08-12T05:56:38Z",
        "address_fields_from_building": [],
        "website_original": null,
        "website": null,
        "polygon_status": "CONTAINING_BUILDING_NOT_TENANCY_VERIFIED",
        "status": "OSM_SOURCED_NOT_OPERATOR_VERIFIED",
        "chat_radius_km": 0.002,
        "boundary_clearance_m": 5.371980627419347,
        "boundary_margin_m": 3.3,
        "radius_status": "CIRCLE_INSIDE_OSM_BUILDING_NOT_GPS_GUARANTEE",
        "view_km": 32.0
      }
    },
    {
      "type": "Feature",
      "geometry": {
        "type": "Polygon",
        "coordinates": [
          [
            [
              10.5347047,
              52.1612133
            ],
            [
              10.5346928,
              52.1613779
            ],
            [
              10.5349082,
              52.1613884
            ],
            [
              10.5349122,
              52.161279
            ],
            [
              10.5350364,
              52.161279
            ],
            [
              10.5350352,
              52.1612251
            ],
            [
              10.5349532,
              52.1612214
            ],
            [
              10.5347047,
              52.1612133
            ]
          ]
        ]
      },
      "properties": {
        "key": "osm-node-535435693",
        "name": "China Restaurant Wan Bao",
        "city": "Wolfenbüttel",
        "street": "Kommißstraße 9a",
        "zip": "38300",
        "category": 14,
        "lat": 52.16128334,
        "lng": 10.5348058444,
        "pin_method": "INTERIOR_MAX_CLEARANCE_GRID",
        "original_poi": [
          10.534729,
          52.1612885
        ],
        "pin_shift_m": 5.278912441166306,
        "source_url": "https://www.openstreetmap.org/node/535435693",
        "source_version": 13,
        "source_timestamp": "2025-11-17T08:47:40Z",
        "building_source_url": "https://www.openstreetmap.org/way/394372631",
        "building_version": 4,
        "building_timestamp": "2025-02-11T10:38:28Z",
        "address_fields_from_building": [],
        "website_original": "https://www.wan-bao-wf.de/",
        "website": "https://www.wan-bao-wf.de/",
        "polygon_status": "CONTAINING_BUILDING_NOT_TENANCY_VERIFIED",
        "status": "OSM_SOURCED_NOT_OPERATOR_VERIFIED",
        "chat_radius_km": 0.0039,
        "boundary_clearance_m": 7.245637787671084,
        "boundary_margin_m": 3.3,
        "radius_status": "CIRCLE_INSIDE_OSM_BUILDING_NOT_GPS_GUARANTEE",
        "view_km": 32.0
      }
    },
    {
      "type": "Feature",
      "geometry": {
        "type": "Polygon",
        "coordinates": [
          [
            [
              10.0818276,
              52.6236289
            ],
            [
              10.0816109,
              52.6236004
            ],
            [
              10.0815872,
              52.6236722
            ],
            [
              10.0815722,
              52.6237176
            ],
            [
              10.081787,
              52.6237469
            ],
            [
              10.0818276,
              52.6236289
            ]
          ]
        ]
      },
      "properties": {
        "key": "osm-node-501928353",
        "name": "Familienbibliothek",
        "city": "Celle",
        "street": "Rundestraße 14",
        "zip": "29221",
        "category": 16,
        "lat": 52.6236743825,
        "lng": 10.0817064127,
        "pin_method": "INTERIOR_MAX_CLEARANCE_GRID",
        "original_poi": [
          10.0817147,
          52.6236566
        ],
        "pin_shift_m": 2.057240962611199,
        "source_url": "https://www.openstreetmap.org/node/501928353",
        "source_version": 7,
        "source_timestamp": "2025-11-10T12:56:39Z",
        "building_source_url": "https://www.openstreetmap.org/way/126270808",
        "building_version": 1,
        "building_timestamp": "2011-08-15T20:11:24Z",
        "address_fields_from_building": [],
        "website_original": "https://www.celle.de/Kultur/Stadtbibliothek",
        "website": "https://www.celle.de/Kultur/Stadtbibliothek",
        "polygon_status": "CONTAINING_BUILDING_NOT_TENANCY_VERIFIED",
        "status": "OSM_SOURCED_NOT_OPERATOR_VERIFIED",
        "chat_radius_km": 0.0033,
        "boundary_clearance_m": 6.682329024756294,
        "boundary_margin_m": 3.3,
        "radius_status": "CIRCLE_INSIDE_OSM_BUILDING_NOT_GPS_GUARANTEE",
        "view_km": 32.0
      }
    },
    {
      "type": "Feature",
      "geometry": {
        "type": "Polygon",
        "coordinates": [
          [
            [
              10.4281229,
              51.905173
            ],
            [
              10.4280301,
              51.9053103
            ],
            [
              10.4282871,
              51.9053736
            ],
            [
              10.4283594,
              51.9052639
            ],
            [
              10.4282741,
              51.9052425
            ],
            [
              10.4282922,
              51.905215
            ],
            [
              10.4281229,
              51.905173
            ]
          ]
        ]
      },
      "properties": {
        "key": "osm-node-11683825312",
        "name": "Brauhaus Goslar",
        "city": "Goslar",
        "street": "Marktkirchhof 2",
        "zip": "38640",
        "category": 14,
        "lat": 51.905272698199994,
        "lng": 10.42817515665,
        "pin_method": "INTERIOR_MAX_CLEARANCE_GRID",
        "original_poi": [
          10.4281624,
          51.9053327
        ],
        "pin_shift_m": 6.736615892757012,
        "source_url": "https://www.openstreetmap.org/node/11683825312",
        "source_version": 2,
        "source_timestamp": "2025-04-23T12:03:37Z",
        "building_source_url": "https://www.openstreetmap.org/way/135963088",
        "building_version": 11,
        "building_timestamp": "2024-07-04T16:24:37Z",
        "address_fields_from_building": [
          "addr:housenumber"
        ],
        "website_original": "https://www.brauhaus-goslar.de",
        "website": "https://www.brauhaus-goslar.de",
        "polygon_status": "CONTAINING_BUILDING_NOT_TENANCY_VERIFIED",
        "status": "OSM_SOURCED_NOT_OPERATOR_VERIFIED",
        "chat_radius_km": 0.004200000000000001,
        "boundary_clearance_m": 7.581259399834097,
        "boundary_margin_m": 3.3,
        "radius_status": "CIRCLE_INSIDE_OSM_BUILDING_NOT_GPS_GUARANTEE",
        "view_km": 32.0
      }
    },
    {
      "type": "Feature",
      "geometry": {
        "type": "Polygon",
        "coordinates": [
          [
            [
              10.544673,
              52.48128
            ],
            [
              10.544693,
              52.481413
            ],
            [
              10.544999,
              52.481402
            ],
            [
              10.544985,
              52.481299
            ],
            [
              10.545007,
              52.481298
            ],
            [
              10.545094,
              52.481294
            ],
            [
              10.54509,
              52.481259
            ],
            [
              10.544968,
              52.481265
            ],
            [
              10.544968,
              52.481267
            ],
            [
              10.544673,
              52.48128
            ]
          ]
        ]
      },
      "properties": {
        "key": "osm-node-2136360548",
        "name": "Chili",
        "city": "Gifhorn",
        "street": "Braunschweiger Straße 5",
        "zip": "38518",
        "category": 14,
        "lat": 52.481341390000004,
        "lng": 10.5448104565,
        "pin_method": "INTERIOR_MAX_CLEARANCE_GRID",
        "original_poi": [
          10.5447403,
          52.4813702
        ],
        "pin_shift_m": 5.7365823182845705,
        "source_url": "https://www.openstreetmap.org/node/2136360548",
        "source_version": 3,
        "source_timestamp": "2024-02-17T13:07:05Z",
        "building_source_url": "https://www.openstreetmap.org/way/169064380",
        "building_version": 7,
        "building_timestamp": "2026-04-16T14:10:37Z",
        "address_fields_from_building": [
          "addr:city",
          "addr:street",
          "addr:housenumber",
          "addr:postcode"
        ],
        "website_original": null,
        "website": null,
        "polygon_status": "CONTAINING_BUILDING_NOT_TENANCY_VERIFIED",
        "status": "OSM_SOURCED_NOT_OPERATOR_VERIFIED",
        "chat_radius_km": 0.0040999999999999995,
        "boundary_clearance_m": 7.488565813191534,
        "boundary_margin_m": 3.3,
        "radius_status": "CIRCLE_INSIDE_OSM_BUILDING_NOT_GPS_GUARANTEE",
        "view_km": 32.0
      }
    },
    {
      "type": "Feature",
      "geometry": {
        "type": "Polygon",
        "coordinates": [
          [
            [
              9.9754497,
              52.3773709
            ],
            [
              9.9756079,
              52.3773742
            ],
            [
              9.9757661,
              52.3773778
            ],
            [
              9.975787,
              52.377378
            ],
            [
              9.9759391,
              52.3773814
            ],
            [
              9.9759501,
              52.3771886
            ],
            [
              9.9757608,
              52.3771845
            ],
            [
              9.975551,
              52.3771805
            ],
            [
              9.9755003,
              52.3772113
            ],
            [
              9.975509,
              52.3772171
            ],
            [
              9.9754833,
              52.3772326
            ],
            [
              9.9754662,
              52.3772322
            ],
            [
              9.9754581,
              52.377232
            ],
            [
              9.9754497,
              52.3773709
            ]
          ]
        ]
      },
      "properties": {
        "key": "osm-node-1971814563",
        "name": "China Imbiss Shanghai",
        "city": "Lehrte",
        "street": "Burgdorfer Straße 15",
        "zip": "31275",
        "category": 14,
        "lat": 52.3773204,
        "lng": 9.9755465,
        "pin_method": "OSM_POI_INSIDE_BUILDING",
        "original_poi": [
          9.9755465,
          52.3773204
        ],
        "pin_shift_m": 0.0,
        "source_url": "https://www.openstreetmap.org/node/1971814563",
        "source_version": 4,
        "source_timestamp": "2025-12-19T16:45:29Z",
        "building_source_url": "https://www.openstreetmap.org/way/1475556985",
        "building_version": 2,
        "building_timestamp": "2026-05-20T18:03:48Z",
        "address_fields_from_building": [
          "addr:city",
          "addr:street",
          "addr:housenumber",
          "addr:postcode"
        ],
        "website_original": null,
        "website": null,
        "polygon_status": "CONTAINING_BUILDING_NOT_TENANCY_VERIFIED",
        "status": "OSM_SOURCED_NOT_OPERATOR_VERIFIED",
        "chat_radius_km": 0.0025,
        "boundary_clearance_m": 5.843028915521673,
        "boundary_margin_m": 3.3,
        "radius_status": "CIRCLE_INSIDE_OSM_BUILDING_NOT_GPS_GUARANTEE",
        "view_km": 32.0
      }
    },
    {
      "type": "Feature",
      "geometry": {
        "type": "Polygon",
        "coordinates": [
          [
            [
              10.5454089,
              52.245507
            ],
            [
              10.5451436,
              52.2457996
            ],
            [
              10.544927,
              52.245726
            ],
            [
              10.5449901,
              52.245655
            ],
            [
              10.5446416,
              52.2455276
            ],
            [
              10.5446257,
              52.2455391
            ],
            [
              10.5444023,
              52.2454618
            ],
            [
              10.5445776,
              52.2452805
            ],
            [
              10.5447774,
              52.2453494
            ],
            [
              10.54477,
              52.2453689
            ],
            [
              10.5451522,
              52.2455019
            ],
            [
              10.5452064,
              52.2454382
            ],
            [
              10.5454089,
              52.245507
            ]
          ]
        ]
      },
      "properties": {
        "key": "osm-way-56060598",
        "name": "Panoramic Veranstaltungshaus und Restaurant",
        "city": "Braunschweig",
        "street": "Borsigstraße 3",
        "zip": "38126",
        "category": 14,
        "lat": 52.24560260155,
        "lng": 10.545132085,
        "pin_method": "INTERIOR_MAX_CLEARANCE_GRID",
        "original_poi": null,
        "pin_shift_m": 0,
        "source_url": "https://www.openstreetmap.org/way/56060598",
        "source_version": 10,
        "source_timestamp": "2026-05-17T10:43:48Z",
        "building_source_url": "https://www.openstreetmap.org/way/56060598",
        "building_version": 10,
        "building_timestamp": "2026-05-17T10:43:48Z",
        "address_fields_from_building": [],
        "website_original": "https://www.panoramic-bs.de/",
        "website": "https://www.panoramic-bs.de/",
        "polygon_status": "CONTAINING_BUILDING_NOT_TENANCY_VERIFIED",
        "status": "OSM_SOURCED_NOT_OPERATOR_VERIFIED",
        "chat_radius_km": 0.0079,
        "boundary_clearance_m": 11.293624029589463,
        "boundary_margin_m": 3.3,
        "radius_status": "CIRCLE_INSIDE_OSM_BUILDING_NOT_GPS_GUARANTEE",
        "view_km": 32.0
      }
    },
    {
      "type": "Feature",
      "geometry": {
        "type": "Polygon",
        "coordinates": [
          [
            [
              10.848209,
              52.4311952
            ],
            [
              10.8482091,
              52.4311861
            ],
            [
              10.8480307,
              52.4311857
            ],
            [
              10.8480304,
              52.4312655
            ],
            [
              10.8482087,
              52.4312659
            ],
            [
              10.8482084,
              52.431325
            ],
            [
              10.8485951,
              52.4313257
            ],
            [
              10.8485955,
              52.4312567
            ],
            [
              10.8485958,
              52.4311959
            ],
            [
              10.848209,
              52.4311952
            ]
          ]
        ]
      },
      "properties": {
        "key": "osm-way-375434927",
        "name": "Hotel Restaurant Conni",
        "city": "Wolfsburg",
        "street": "Neuhäuser Straße 19",
        "zip": "38448",
        "category": 14,
        "lat": 52.43126060000001,
        "lng": 10.848484981599999,
        "pin_method": "INTERIOR_MAX_CLEARANCE_GRID",
        "original_poi": null,
        "pin_shift_m": 0,
        "source_url": "https://www.openstreetmap.org/way/375434927",
        "source_version": 3,
        "source_timestamp": "2022-12-31T13:12:38Z",
        "building_source_url": "https://www.openstreetmap.org/way/375434927",
        "building_version": 3,
        "building_timestamp": "2022-12-31T13:12:38Z",
        "address_fields_from_building": [],
        "website_original": null,
        "website": null,
        "polygon_status": "CONTAINING_BUILDING_NOT_TENANCY_VERIFIED",
        "status": "OSM_SOURCED_NOT_OPERATOR_VERIFIED",
        "chat_radius_km": 0.0039,
        "boundary_clearance_m": 7.2246974429674164,
        "boundary_margin_m": 3.3,
        "radius_status": "CIRCLE_INSIDE_OSM_BUILDING_NOT_GPS_GUARANTEE",
        "view_km": 32.0
      }
    },
    {
      "type": "Feature",
      "geometry": {
        "type": "Polygon",
        "coordinates": [
          [
            [
              9.7309175,
              52.3724363
            ],
            [
              9.7310805,
              52.3724857
            ],
            [
              9.7315974,
              52.3726466
            ],
            [
              9.7312812,
              52.3730412
            ],
            [
              9.7311215,
              52.3729935
            ],
            [
              9.731102,
              52.3729877
            ],
            [
              9.7311575,
              52.3729181
            ],
            [
              9.7308658,
              52.3728297
            ],
            [
              9.7308347,
              52.3728663
            ],
            [
              9.7307832,
              52.3728499
            ],
            [
              9.7306188,
              52.3727977
            ],
            [
              9.7309175,
              52.3724363
            ]
          ]
        ]
      },
      "properties": {
        "key": "osm-node-3862834857",
        "name": "Café Anna Leine",
        "city": "Hannover",
        "street": "Am Hohen Ufer 3",
        "zip": "30159",
        "category": 5,
        "lat": 52.372612,
        "lng": 9.7308621,
        "pin_method": "OSM_POI_INSIDE_BUILDING",
        "original_poi": [
          9.7308621,
          52.372612
        ],
        "pin_shift_m": 0.0,
        "source_url": "https://www.openstreetmap.org/node/3862834857",
        "source_version": 12,
        "source_timestamp": "2026-01-11T14:17:01Z",
        "building_source_url": "https://www.openstreetmap.org/way/186605152",
        "building_version": 6,
        "building_timestamp": "2021-09-12T13:30:12Z",
        "address_fields_from_building": [],
        "website_original": "https://www.annaleine-hannover.de/",
        "website": "https://www.annaleine-hannover.de/",
        "polygon_status": "CONTAINING_BUILDING_NOT_TENANCY_VERIFIED",
        "status": "OSM_SOURCED_NOT_OPERATOR_VERIFIED",
        "chat_radius_km": 0.0021000000000000003,
        "boundary_clearance_m": 5.449790132377471,
        "boundary_margin_m": 3.3,
        "radius_status": "CIRCLE_INSIDE_OSM_BUILDING_NOT_GPS_GUARANTEE",
        "view_km": 32.0
      }
    },
    {
      "type": "Feature",
      "geometry": {
        "type": "Polygon",
        "coordinates": [
          [
            [
              9.9523395,
              52.1502014
            ],
            [
              9.9523945,
              52.1502014
            ],
            [
              9.9523908,
              52.1500687
            ],
            [
              9.9520629,
              52.1500698
            ],
            [
              9.9519621,
              52.1500867
            ],
            [
              9.9520189,
              52.1501733
            ],
            [
              9.9520208,
              52.15021
            ],
            [
              9.9523395,
              52.1502014
            ]
          ]
        ]
      },
      "properties": {
        "key": "osm-node-9919985534",
        "name": "Sogno Mio",
        "city": "Hildesheim",
        "street": "Friesenstraße 5",
        "zip": "31134",
        "category": 14,
        "lat": 52.1501385022,
        "lng": 9.9521171154,
        "pin_method": "INTERIOR_MAX_CLEARANCE_GRID",
        "original_poi": [
          9.9522366,
          52.1500931
        ],
        "pin_shift_m": 9.59967863586238,
        "source_url": "https://www.openstreetmap.org/node/9919985534",
        "source_version": 1,
        "source_timestamp": "2022-07-29T20:54:45Z",
        "building_source_url": "https://www.openstreetmap.org/way/201333137",
        "building_version": 1,
        "building_timestamp": "2013-01-15T21:45:06Z",
        "address_fields_from_building": [],
        "website_original": "https://sogno-mio.de/",
        "website": "https://sogno-mio.de/",
        "polygon_status": "CONTAINING_BUILDING_NOT_TENANCY_VERIFIED",
        "status": "OSM_SOURCED_NOT_OPERATOR_VERIFIED",
        "chat_radius_km": 0.0043,
        "boundary_clearance_m": 7.662404329563152,
        "boundary_margin_m": 3.3,
        "radius_status": "CIRCLE_INSIDE_OSM_BUILDING_NOT_GPS_GUARANTEE",
        "view_km": 32.0
      }
    },
    {
      "type": "Feature",
      "geometry": {
        "type": "Polygon",
        "coordinates": [
          [
            [
              10.5340783,
              52.1629946
            ],
            [
              10.5340587,
              52.163022
            ],
            [
              10.5339858,
              52.1629885
            ],
            [
              10.5338947,
              52.1628599
            ],
            [
              10.5341407,
              52.1628029
            ],
            [
              10.5341516,
              52.1628331
            ],
            [
              10.5341188,
              52.1628421
            ],
            [
              10.5341425,
              52.1628868
            ],
            [
              10.5341826,
              52.1628801
            ],
            [
              10.5341917,
              52.1629222
            ],
            [
              10.5341243,
              52.1629295
            ],
            [
              10.5340783,
              52.1629946
            ]
          ]
        ]
      },
      "properties": {
        "key": "osm-node-535435702",
        "name": "Lavi Cafe & Bar",
        "city": "Wolfenbüttel",
        "street": "Krambuden 15",
        "zip": "38300",
        "category": 5,
        "lat": 52.162896127050004,
        "lng": 10.534034735499999,
        "pin_method": "INTERIOR_MAX_CLEARANCE_GRID",
        "original_poi": [
          10.5339551,
          52.1628963
        ],
        "pin_shift_m": 5.438004740066161,
        "source_url": "https://www.openstreetmap.org/node/535435702",
        "source_version": 12,
        "source_timestamp": "2024-03-22T15:03:29Z",
        "building_source_url": "https://www.openstreetmap.org/way/392725688",
        "building_version": 5,
        "building_timestamp": "2023-04-02T14:27:36Z",
        "address_fields_from_building": [],
        "website_original": "https://cafe-bar-lavi.eatbu.com/?lang=de",
        "website": "https://cafe-bar-lavi.eatbu.com/?lang=de",
        "polygon_status": "CONTAINING_BUILDING_NOT_TENANCY_VERIFIED",
        "status": "OSM_SOURCED_NOT_OPERATOR_VERIFIED",
        "chat_radius_km": 0.0038,
        "boundary_clearance_m": 7.151628895583446,
        "boundary_margin_m": 3.3,
        "radius_status": "CIRCLE_INSIDE_OSM_BUILDING_NOT_GPS_GUARANTEE",
        "view_km": 32.0
      }
    },
    {
      "type": "Feature",
      "geometry": {
        "type": "Polygon",
        "coordinates": [
          [
            [
              10.0788874,
              52.6213791
            ],
            [
              10.0787953,
              52.6216402
            ],
            [
              10.0790022,
              52.6216638
            ],
            [
              10.0792222,
              52.621696
            ],
            [
              10.0792724,
              52.6215536
            ],
            [
              10.0790213,
              52.6215208
            ],
            [
              10.0790632,
              52.6214021
            ],
            [
              10.0788874,
              52.6213791
            ]
          ]
        ]
      },
      "properties": {
        "key": "osm-way-67013002",
        "name": "Stadtbibliothek Celle - Hauptstelle",
        "city": "Celle",
        "street": "Arno-Schmidt-Platz 1",
        "zip": "29221",
        "category": 16,
        "lat": 52.62158017305,
        "lng": 10.07894391665,
        "pin_method": "INTERIOR_MAX_CLEARANCE_GRID",
        "original_poi": null,
        "pin_shift_m": 0,
        "source_url": "https://www.openstreetmap.org/way/67013002",
        "source_version": 13,
        "source_timestamp": "2026-07-09T13:39:31Z",
        "building_source_url": "https://www.openstreetmap.org/way/67013002",
        "building_version": 13,
        "building_timestamp": "2026-07-09T13:39:31Z",
        "address_fields_from_building": [],
        "website_original": "https://www.celle.de/Kultur/Stadtbibliothek/",
        "website": "https://www.celle.de/Kultur/Stadtbibliothek/",
        "polygon_status": "CONTAINING_BUILDING_NOT_TENANCY_VERIFIED",
        "status": "OSM_SOURCED_NOT_OPERATOR_VERIFIED",
        "chat_radius_km": 0.0050999999999999995,
        "boundary_clearance_m": 8.421631827953073,
        "boundary_margin_m": 3.3,
        "radius_status": "CIRCLE_INSIDE_OSM_BUILDING_NOT_GPS_GUARANTEE",
        "view_km": 32.0
      }
    },
    {
      "type": "Feature",
      "geometry": {
        "type": "Polygon",
        "coordinates": [
          [
            [
              10.4820171,
              51.9018793
            ],
            [
              10.4819921,
              51.9019368
            ],
            [
              10.4819671,
              51.9019943
            ],
            [
              10.4821208,
              51.9020203
            ],
            [
              10.4822009,
              51.9020345
            ],
            [
              10.4822609,
              51.902043
            ],
            [
              10.4822969,
              51.9019603
            ],
            [
              10.4821229,
              51.9019315
            ],
            [
              10.4821369,
              51.9018992
            ],
            [
              10.4820171,
              51.9018793
            ]
          ]
        ]
      },
      "properties": {
        "key": "osm-way-794569138",
        "name": "Pizza Roma",
        "city": "Goslar",
        "street": "Bahnhofstraße 26",
        "zip": "38642",
        "category": 14,
        "lat": 51.901960822599996,
        "lng": 10.4820617526,
        "pin_method": "INTERIOR_MAX_CLEARANCE_GRID",
        "original_poi": null,
        "pin_shift_m": 0,
        "source_url": "https://www.openstreetmap.org/way/794569138",
        "source_version": 4,
        "source_timestamp": "2025-11-17T13:05:22Z",
        "building_source_url": "https://www.openstreetmap.org/way/794569138",
        "building_version": 4,
        "building_timestamp": "2025-11-17T13:05:22Z",
        "address_fields_from_building": [],
        "website_original": "http://pizzaromagoslar.de",
        "website": "http://pizzaromagoslar.de",
        "polygon_status": "CONTAINING_BUILDING_NOT_TENANCY_VERIFIED",
        "status": "OSM_SOURCED_NOT_OPERATOR_VERIFIED",
        "chat_radius_km": 0.002,
        "boundary_clearance_m": 5.313044199513021,
        "boundary_margin_m": 3.3,
        "radius_status": "CIRCLE_INSIDE_OSM_BUILDING_NOT_GPS_GUARANTEE",
        "view_km": 32.0
      }
    },
    {
      "type": "Feature",
      "geometry": {
        "type": "Polygon",
        "coordinates": [
          [
            [
              10.542595,
              52.471494
            ],
            [
              10.5426,
              52.471524
            ],
            [
              10.542606,
              52.471571
            ],
            [
              10.542844,
              52.471559
            ],
            [
              10.542824,
              52.471426
            ],
            [
              10.542683,
              52.471434
            ],
            [
              10.542691,
              52.471489
            ],
            [
              10.54267,
              52.47149
            ],
            [
              10.542667,
              52.471473
            ],
            [
              10.542604,
              52.471477
            ],
            [
              10.542607,
              52.471494
            ],
            [
              10.542595,
              52.471494
            ]
          ]
        ]
      },
      "properties": {
        "key": "osm-way-314485834",
        "name": "Konditorei Pöthig",
        "city": "Gifhorn",
        "street": "Braunschweiger Straße 88",
        "zip": "38518",
        "category": 5,
        "lat": 52.471514885,
        "lng": 10.542757846,
        "pin_method": "INTERIOR_MAX_CLEARANCE_GRID",
        "original_poi": null,
        "pin_shift_m": 0,
        "source_url": "https://www.openstreetmap.org/way/314485834",
        "source_version": 9,
        "source_timestamp": "2026-02-27T20:44:01Z",
        "building_source_url": "https://www.openstreetmap.org/way/314485834",
        "building_version": 9,
        "building_timestamp": "2026-02-27T20:44:01Z",
        "address_fields_from_building": [],
        "website_original": null,
        "website": null,
        "polygon_status": "CONTAINING_BUILDING_NOT_TENANCY_VERIFIED",
        "status": "OSM_SOURCED_NOT_OPERATOR_VERIFIED",
        "chat_radius_km": 0.002,
        "boundary_clearance_m": 5.369877272255382,
        "boundary_margin_m": 3.3,
        "radius_status": "CIRCLE_INSIDE_OSM_BUILDING_NOT_GPS_GUARANTEE",
        "view_km": 32.0
      }
    },
    {
      "type": "Feature",
      "geometry": {
        "type": "Polygon",
        "coordinates": [
          [
            [
              10.4751657,
              52.2359092
            ],
            [
              10.4752478,
              52.2356805
            ],
            [
              10.4750727,
              52.2356569
            ],
            [
              10.4750097,
              52.2356515
            ],
            [
              10.4749959,
              52.2357067
            ],
            [
              10.4750527,
              52.2357126
            ],
            [
              10.4749906,
              52.2358857
            ],
            [
              10.4751657,
              52.2359092
            ]
          ]
        ]
      },
      "properties": {
        "key": "osm-way-154250063",
        "name": "Velanidia",
        "city": "Braunschweig",
        "street": "Brinkstraße 5",
        "zip": "38122",
        "category": 14,
        "lat": 52.235819262700005,
        "lng": 10.4751062114,
        "pin_method": "INTERIOR_MAX_CLEARANCE_GRID",
        "original_poi": null,
        "pin_shift_m": 0,
        "source_url": "https://www.openstreetmap.org/way/154250063",
        "source_version": 16,
        "source_timestamp": "2026-07-08T09:04:37Z",
        "building_source_url": "https://www.openstreetmap.org/way/154250063",
        "building_version": 16,
        "building_timestamp": "2026-07-08T09:04:37Z",
        "address_fields_from_building": [],
        "website_original": "https://velanidiabs.de",
        "website": "https://velanidiabs.de",
        "polygon_status": "CONTAINING_BUILDING_NOT_TENANCY_VERIFIED",
        "status": "OSM_SOURCED_NOT_OPERATOR_VERIFIED",
        "chat_radius_km": 0.0028,
        "boundary_clearance_m": 6.110705828491602,
        "boundary_margin_m": 3.3,
        "radius_status": "CIRCLE_INSIDE_OSM_BUILDING_NOT_GPS_GUARANTEE",
        "view_km": 32.0
      }
    },
    {
      "type": "Feature",
      "geometry": {
        "type": "Polygon",
        "coordinates": [
          [
            [
              10.8290948,
              52.4391966
            ],
            [
              10.8289051,
              52.439038
            ],
            [
              10.8291329,
              52.4389361
            ],
            [
              10.8291749,
              52.4389177
            ],
            [
              10.8292314,
              52.4388929
            ],
            [
              10.8292889,
              52.4389417
            ],
            [
              10.8294211,
              52.4390515
            ],
            [
              10.8290948,
              52.4391966
            ]
          ]
        ]
      },
      "properties": {
        "key": "osm-way-32395674",
        "name": "Lou's",
        "city": "Wolfsburg",
        "street": "Friederikenring 5",
        "zip": "38448",
        "category": 14,
        "lat": 52.4390353353,
        "lng": 10.829183739999998,
        "pin_method": "INTERIOR_MAX_CLEARANCE_GRID",
        "original_poi": null,
        "pin_shift_m": 0,
        "source_url": "https://www.openstreetmap.org/way/32395674",
        "source_version": 7,
        "source_timestamp": "2024-10-12T09:41:42Z",
        "building_source_url": "https://www.openstreetmap.org/way/32395674",
        "building_version": 7,
        "building_timestamp": "2024-10-12T09:41:42Z",
        "address_fields_from_building": [],
        "website_original": null,
        "website": null,
        "polygon_status": "CONTAINING_BUILDING_NOT_TENANCY_VERIFIED",
        "status": "OSM_SOURCED_NOT_OPERATOR_VERIFIED",
        "chat_radius_km": 0.0076,
        "boundary_clearance_m": 10.946382367233833,
        "boundary_margin_m": 3.3,
        "radius_status": "CIRCLE_INSIDE_OSM_BUILDING_NOT_GPS_GUARANTEE",
        "view_km": 32.0
      }
    },
    {
      "type": "Feature",
      "geometry": {
        "type": "Polygon",
        "coordinates": [
          [
            [
              9.7440482,
              52.3740366
            ],
            [
              9.7440147,
              52.3740483
            ],
            [
              9.7439015,
              52.3739675
            ],
            [
              9.7438815,
              52.3738696
            ],
            [
              9.7437762,
              52.3738761
            ],
            [
              9.7437773,
              52.3739279
            ],
            [
              9.7438216,
              52.3739289
            ],
            [
              9.7438047,
              52.3739791
            ],
            [
              9.7439337,
              52.3740724
            ],
            [
              9.7439136,
              52.3742151
            ],
            [
              9.744248,
              52.3741156
            ],
            [
              9.7440482,
              52.3740366
            ]
          ]
        ]
      },
      "properties": {
        "key": "osm-node-335497413",
        "name": "Paulaner am Thielenplatz",
        "city": "Hannover",
        "street": "Prinzenstraße 1",
        "zip": "30159",
        "category": 14,
        "lat": 52.3741178,
        "lng": 9.7440479,
        "pin_method": "OSM_POI_INSIDE_BUILDING",
        "original_poi": [
          9.7440479,
          52.3741178
        ],
        "pin_shift_m": 0.0,
        "source_url": "https://www.openstreetmap.org/node/335497413",
        "source_version": 10,
        "source_timestamp": "2023-11-25T15:01:49Z",
        "building_source_url": "https://www.openstreetmap.org/way/185852898",
        "building_version": 10,
        "building_timestamp": "2025-03-03T15:17:48Z",
        "address_fields_from_building": [],
        "website_original": "https://www.paulaner-am-thielenplatz.de",
        "website": "https://www.paulaner-am-thielenplatz.de",
        "polygon_status": "CONTAINING_BUILDING_NOT_TENANCY_VERIFIED",
        "status": "OSM_SOURCED_NOT_OPERATOR_VERIFIED",
        "chat_radius_km": 0.0024,
        "boundary_clearance_m": 5.737808157166411,
        "boundary_margin_m": 3.3,
        "radius_status": "CIRCLE_INSIDE_OSM_BUILDING_NOT_GPS_GUARANTEE",
        "view_km": 32.0
      }
    },
    {
      "type": "Feature",
      "geometry": {
        "type": "Polygon",
        "coordinates": [
          [
            [
              9.953254,
              52.1504084
            ],
            [
              9.9533906,
              52.1503713
            ],
            [
              9.9533768,
              52.1503522
            ],
            [
              9.9535657,
              52.1503009
            ],
            [
              9.9536294,
              52.1502854
            ],
            [
              9.9535586,
              52.1501851
            ],
            [
              9.9534382,
              52.1502241
            ],
            [
              9.9534301,
              52.1502129
            ],
            [
              9.9534044,
              52.1502199
            ],
            [
              9.9531649,
              52.150285
            ],
            [
              9.953254,
              52.1504084
            ]
          ]
        ]
      },
      "properties": {
        "key": "osm-node-275601557",
        "name": "India Haus",
        "city": "Hildesheim",
        "street": "Schuhstraße 52",
        "zip": "31134",
        "category": 14,
        "lat": 52.1503041189,
        "lng": 9.953325617,
        "pin_method": "INTERIOR_MAX_CLEARANCE_GRID",
        "original_poi": [
          9.9533389,
          52.1503609
        ],
        "pin_shift_m": 6.385656436208601,
        "source_url": "https://www.openstreetmap.org/node/275601557",
        "source_version": 11,
        "source_timestamp": "2024-03-17T00:13:23Z",
        "building_source_url": "https://www.openstreetmap.org/way/201333086",
        "building_version": 3,
        "building_timestamp": "2023-09-26T11:17:25Z",
        "address_fields_from_building": [],
        "website_original": null,
        "website": null,
        "polygon_status": "CONTAINING_BUILDING_NOT_TENANCY_VERIFIED",
        "status": "OSM_SOURCED_NOT_OPERATOR_VERIFIED",
        "chat_radius_km": 0.003,
        "boundary_clearance_m": 6.392250440626402,
        "boundary_margin_m": 3.3,
        "radius_status": "CIRCLE_INSIDE_OSM_BUILDING_NOT_GPS_GUARANTEE",
        "view_km": 32.0
      }
    },
    {
      "type": "Feature",
      "geometry": {
        "type": "Polygon",
        "coordinates": [
          [
            [
              10.5346928,
              52.1613779
            ],
            [
              10.5346876,
              52.1615335
            ],
            [
              10.5348963,
              52.16154
            ],
            [
              10.5349082,
              52.1613884
            ],
            [
              10.5346928,
              52.1613779
            ]
          ]
        ]
      },
      "properties": {
        "key": "osm-node-535435694",
        "name": "Familiencafe \"Kleine Auszeit\"",
        "city": "Wolfenbüttel",
        "street": "Kommißstraße 9b",
        "zip": "38300",
        "category": 5,
        "lat": 52.161450520799995,
        "lng": 10.534796797,
        "pin_method": "INTERIOR_MAX_CLEARANCE_GRID",
        "original_poi": [
          10.5347153,
          52.1614422
        ],
        "pin_shift_m": 5.641823225623888,
        "source_url": "https://www.openstreetmap.org/node/535435694",
        "source_version": 13,
        "source_timestamp": "2025-10-16T15:28:18Z",
        "building_source_url": "https://www.openstreetmap.org/way/394372632",
        "building_version": 4,
        "building_timestamp": "2025-02-11T10:38:22Z",
        "address_fields_from_building": [],
        "website_original": null,
        "website": null,
        "polygon_status": "CONTAINING_BUILDING_NOT_TENANCY_VERIFIED",
        "status": "OSM_SOURCED_NOT_OPERATOR_VERIFIED",
        "chat_radius_km": 0.0039,
        "boundary_clearance_m": 7.26594744213372,
        "boundary_margin_m": 3.3,
        "radius_status": "CIRCLE_INSIDE_OSM_BUILDING_NOT_GPS_GUARANTEE",
        "view_km": 32.0
      }
    },
    {
      "type": "Feature",
      "geometry": {
        "type": "Polygon",
        "coordinates": [
          [
            [
              10.1005132,
              52.6067629
            ],
            [
              10.1008481,
              52.6067107
            ],
            [
              10.1007885,
              52.6065697
            ],
            [
              10.1004536,
              52.6066219
            ],
            [
              10.1005132,
              52.6067629
            ]
          ]
        ]
      },
      "properties": {
        "key": "osm-way-217407122",
        "name": "Die 7 Brüder",
        "city": "Celle",
        "street": "Altenceller Schneede 3",
        "zip": "29221",
        "category": 14,
        "lat": 52.6066663,
        "lng": 10.100650850000001,
        "pin_method": "INTERIOR_MAX_CLEARANCE_GRID",
        "original_poi": null,
        "pin_shift_m": 0,
        "source_url": "https://www.openstreetmap.org/way/217407122",
        "source_version": 6,
        "source_timestamp": "2023-05-06T13:01:03Z",
        "building_source_url": "https://www.openstreetmap.org/way/217407122",
        "building_version": 6,
        "building_timestamp": "2023-05-06T13:01:03Z",
        "address_fields_from_building": [],
        "website_original": null,
        "website": null,
        "polygon_status": "CONTAINING_BUILDING_NOT_TENANCY_VERIFIED",
        "status": "OSM_SOURCED_NOT_OPERATOR_VERIFIED",
        "chat_radius_km": 0.0048,
        "boundary_clearance_m": 8.102500244433589,
        "boundary_margin_m": 3.3,
        "radius_status": "CIRCLE_INSIDE_OSM_BUILDING_NOT_GPS_GUARANTEE",
        "view_km": 32.0
      }
    },
    {
      "type": "Feature",
      "geometry": {
        "type": "Polygon",
        "coordinates": [
          [
            [
              10.3401328,
              51.8580197
            ],
            [
              10.3401812,
              51.8580184
            ],
            [
              10.34019,
              51.858147
            ],
            [
              10.3403107,
              51.8581438
            ],
            [
              10.3403143,
              51.8581954
            ],
            [
              10.3403153,
              51.8582105
            ],
            [
              10.3400206,
              51.8582182
            ],
            [
              10.340012,
              51.8580932
            ],
            [
              10.3399474,
              51.8580949
            ],
            [
              10.3399415,
              51.8580095
            ],
            [
              10.33996,
              51.858009
            ],
            [
              10.3399545,
              51.8579297
            ],
            [
              10.3400814,
              51.8579264
            ],
            [
              10.3400794,
              51.857897
            ],
            [
              10.3402072,
              51.8578936
            ],
            [
              10.3402127,
              51.8579735
            ],
            [
              10.3401298,
              51.8579757
            ],
            [
              10.3401328,
              51.8580197
            ]
          ]
        ]
      },
      "properties": {
        "key": "osm-way-187199245",
        "name": "Ratsstuben",
        "city": "Goslar",
        "street": "Rathausstraße 1a",
        "zip": "38644",
        "category": 14,
        "lat": 51.85803772239999,
        "lng": 10.3400426129,
        "pin_method": "INTERIOR_MAX_CLEARANCE_GRID",
        "original_poi": null,
        "pin_shift_m": 0,
        "source_url": "https://www.openstreetmap.org/way/187199245",
        "source_version": 8,
        "source_timestamp": "2026-02-22T18:27:22Z",
        "building_source_url": "https://www.openstreetmap.org/way/187199245",
        "building_version": 8,
        "building_timestamp": "2026-02-22T18:27:22Z",
        "address_fields_from_building": [],
        "website_original": "https://www.ratsstuben-restaurant.de",
        "website": "https://www.ratsstuben-restaurant.de",
        "polygon_status": "CONTAINING_BUILDING_NOT_TENANCY_VERIFIED",
        "status": "OSM_SOURCED_NOT_OPERATOR_VERIFIED",
        "chat_radius_km": 0.0032,
        "boundary_clearance_m": 6.517087827312225,
        "boundary_margin_m": 3.3,
        "radius_status": "CIRCLE_INSIDE_OSM_BUILDING_NOT_GPS_GUARANTEE",
        "view_km": 32.0
      }
    },
    {
      "type": "Feature",
      "geometry": {
        "type": "Polygon",
        "coordinates": [
          [
            [
              10.5206138,
              52.4850748
            ],
            [
              10.520655,
              52.4850694
            ],
            [
              10.520965,
              52.4850279
            ],
            [
              10.52092,
              52.4849031
            ],
            [
              10.520885,
              52.4849078
            ],
            [
              10.5208707,
              52.4848682
            ],
            [
              10.5207354,
              52.4848863
            ],
            [
              10.52075,
              52.4849268
            ],
            [
              10.5206888,
              52.484935
            ],
            [
              10.5206074,
              52.4847096
            ],
            [
              10.5206692,
              52.4847014
            ],
            [
              10.5206436,
              52.4846305
            ],
            [
              10.5205821,
              52.4846387
            ],
            [
              10.5205743,
              52.484617
            ],
            [
              10.5204543,
              52.4846331
            ],
            [
              10.5206138,
              52.4850748
            ]
          ]
        ]
      },
      "properties": {
        "key": "osm-way-198138841",
        "name": "Saustall",
        "city": "Gifhorn",
        "street": "Wittkopsweg 18",
        "zip": "38518",
        "category": 14,
        "lat": 52.484975686300004,
        "lng": 10.52082940915,
        "pin_method": "INTERIOR_MAX_CLEARANCE_GRID",
        "original_poi": null,
        "pin_shift_m": 0,
        "source_url": "https://www.openstreetmap.org/way/198138841",
        "source_version": 3,
        "source_timestamp": "2016-06-17T17:17:11Z",
        "building_source_url": "https://www.openstreetmap.org/way/198138841",
        "building_version": 3,
        "building_timestamp": "2016-06-17T17:17:11Z",
        "address_fields_from_building": [],
        "website_original": null,
        "website": null,
        "polygon_status": "CONTAINING_BUILDING_NOT_TENANCY_VERIFIED",
        "status": "OSM_SOURCED_NOT_OPERATOR_VERIFIED",
        "chat_radius_km": 0.0043,
        "boundary_clearance_m": 7.650397908936489,
        "boundary_margin_m": 3.3,
        "radius_status": "CIRCLE_INSIDE_OSM_BUILDING_NOT_GPS_GUARANTEE",
        "view_km": 32.0
      }
    },
    {
      "type": "Feature",
      "geometry": {
        "type": "Polygon",
        "coordinates": [
          [
            [
              10.564777,
              52.2224716
            ],
            [
              10.5647858,
              52.2223707
            ],
            [
              10.5646343,
              52.2223657
            ],
            [
              10.5646254,
              52.2224666
            ],
            [
              10.5645612,
              52.2224644
            ],
            [
              10.5645484,
              52.2225967
            ],
            [
              10.5647694,
              52.2226047
            ],
            [
              10.5647822,
              52.2224724
            ],
            [
              10.564777,
              52.2224716
            ]
          ]
        ]
      },
      "properties": {
        "key": "osm-way-148399532",
        "name": "Zum Eichenwald",
        "city": "Braunschweig",
        "street": "Salzdahlumer Straße 313",
        "zip": "38126",
        "category": 14,
        "lat": 52.22253061,
        "lng": 10.564665675599999,
        "pin_method": "INTERIOR_MAX_CLEARANCE_GRID",
        "original_poi": null,
        "pin_shift_m": 0,
        "source_url": "https://www.openstreetmap.org/way/148399532",
        "source_version": 9,
        "source_timestamp": "2026-05-25T13:34:27Z",
        "building_source_url": "https://www.openstreetmap.org/way/148399532",
        "building_version": 9,
        "building_timestamp": "2026-05-25T13:34:27Z",
        "address_fields_from_building": [],
        "website_original": "https://www.zum-eichenwald.com/",
        "website": "https://www.zum-eichenwald.com/",
        "polygon_status": "CONTAINING_BUILDING_NOT_TENANCY_VERIFIED",
        "status": "OSM_SOURCED_NOT_OPERATOR_VERIFIED",
        "chat_radius_km": 0.004200000000000001,
        "boundary_clearance_m": 7.548224883126687,
        "boundary_margin_m": 3.3,
        "radius_status": "CIRCLE_INSIDE_OSM_BUILDING_NOT_GPS_GUARANTEE",
        "view_km": 32.0
      }
    },
    {
      "type": "Feature",
      "geometry": {
        "type": "Polygon",
        "coordinates": [
          [
            [
              10.7452368,
              52.4116854
            ],
            [
              10.7450246,
              52.4117289
            ],
            [
              10.7450397,
              52.4117562
            ],
            [
              10.7449491,
              52.4117748
            ],
            [
              10.7450265,
              52.4119152
            ],
            [
              10.7451759,
              52.4118845
            ],
            [
              10.7451856,
              52.4119021
            ],
            [
              10.7453374,
              52.4118709
            ],
            [
              10.7453062,
              52.4118143
            ],
            [
              10.7455503,
              52.4117642
            ],
            [
              10.7455007,
              52.4116743
            ],
            [
              10.7452581,
              52.4117241
            ],
            [
              10.7452368,
              52.4116854
            ]
          ]
        ]
      },
      "properties": {
        "key": "osm-way-96931430",
        "name": "Mediterran",
        "city": "Wolfsburg",
        "street": "Mecklenburger Straße 100",
        "zip": "38440",
        "category": 14,
        "lat": 52.411797399899996,
        "lng": 10.7451658326,
        "pin_method": "INTERIOR_MAX_CLEARANCE_GRID",
        "original_poi": null,
        "pin_shift_m": 0,
        "source_url": "https://www.openstreetmap.org/way/96931430",
        "source_version": 9,
        "source_timestamp": "2022-05-16T04:19:30Z",
        "building_source_url": "https://www.openstreetmap.org/way/96931430",
        "building_version": 9,
        "building_timestamp": "2022-05-16T04:19:30Z",
        "address_fields_from_building": [],
        "website_original": null,
        "website": null,
        "polygon_status": "CONTAINING_BUILDING_NOT_TENANCY_VERIFIED",
        "status": "OSM_SOURCED_NOT_OPERATOR_VERIFIED",
        "chat_radius_km": 0.0064,
        "boundary_clearance_m": 9.715289963930827,
        "boundary_margin_m": 3.3,
        "radius_status": "CIRCLE_INSIDE_OSM_BUILDING_NOT_GPS_GUARANTEE",
        "view_km": 32.0
      }
    },
    {
      "type": "Feature",
      "geometry": {
        "type": "Polygon",
        "coordinates": [
          [
            [
              9.7437873,
              52.373182
            ],
            [
              9.7437586,
              52.372992
            ],
            [
              9.7440873,
              52.3729729
            ],
            [
              9.7440979,
              52.373039
            ],
            [
              9.7441193,
              52.3730373
            ],
            [
              9.7441369,
              52.3731637
            ],
            [
              9.7441435,
              52.3732105
            ],
            [
              9.7441234,
              52.3732117
            ],
            [
              9.7441248,
              52.3732343
            ],
            [
              9.7441349,
              52.3732338
            ],
            [
              9.7441529,
              52.3733768
            ],
            [
              9.7441442,
              52.3733772
            ],
            [
              9.7441468,
              52.3733953
            ],
            [
              9.7441545,
              52.3733949
            ],
            [
              9.7441726,
              52.3735379
            ],
            [
              9.7441662,
              52.3735382
            ],
            [
              9.7441779,
              52.3736254
            ],
            [
              9.7439514,
              52.3736394
            ],
            [
              9.7434483,
              52.3736648
            ],
            [
              9.7434694,
              52.3735645
            ],
            [
              9.7434537,
              52.3734473
            ],
            [
              9.743784,
              52.3734293
            ],
            [
              9.74378,
              52.3733912
            ],
            [
              9.7438136,
              52.3733896
            ],
            [
              9.7437937,
              52.3732325
            ],
            [
              9.7437873,
              52.373182
            ]
          ]
        ]
      },
      "properties": {
        "key": "osm-node-137980116",
        "name": "Schauspielhaus",
        "city": "Hannover",
        "street": "Prinzenstraße 9",
        "zip": "30159",
        "category": 12,
        "lat": 52.3734568,
        "lng": 9.7439211,
        "pin_method": "OSM_POI_INSIDE_BUILDING",
        "original_poi": [
          9.7439211,
          52.3734568
        ],
        "pin_shift_m": 0.0,
        "source_url": "https://www.openstreetmap.org/node/137980116",
        "source_version": 15,
        "source_timestamp": "2026-01-28T16:30:22Z",
        "building_source_url": "https://www.openstreetmap.org/way/553781822",
        "building_version": 6,
        "building_timestamp": "2025-10-07T17:04:41Z",
        "address_fields_from_building": [],
        "website_original": "https://www.staatstheater-hannover.de/",
        "website": "https://www.staatstheater-hannover.de/",
        "polygon_status": "CONTAINING_BUILDING_NOT_TENANCY_VERIFIED",
        "status": "OSM_SOURCED_NOT_OPERATOR_VERIFIED",
        "chat_radius_km": 0.0065,
        "boundary_clearance_m": 9.807628910056138,
        "boundary_margin_m": 3.3,
        "radius_status": "CIRCLE_INSIDE_OSM_BUILDING_NOT_GPS_GUARANTEE",
        "view_km": 32.0
      }
    },
    {
      "type": "Feature",
      "geometry": {
        "type": "Polygon",
        "coordinates": [
          [
            [
              10.099496,
              52.6502354
            ],
            [
              10.0994736,
              52.6502426
            ],
            [
              10.0996264,
              52.650416
            ],
            [
              10.0997916,
              52.6504027
            ],
            [
              10.0997627,
              52.6502708
            ],
            [
              10.0996525,
              52.6502796
            ],
            [
              10.0995841,
              52.6502059
            ],
            [
              10.0995535,
              52.6502163
            ],
            [
              10.099496,
              52.6502354
            ]
          ]
        ]
      },
      "properties": {
        "key": "osm-way-270107207",
        "name": "Kalimera",
        "city": "Celle",
        "street": "Mummenhofstraße 40",
        "zip": "29229",
        "category": 14,
        "lat": 52.650340153900004,
        "lng": 10.099675052999999,
        "pin_method": "INTERIOR_MAX_CLEARANCE_GRID",
        "original_poi": null,
        "pin_shift_m": 0,
        "source_url": "https://www.openstreetmap.org/way/270107207",
        "source_version": 3,
        "source_timestamp": "2025-04-14T09:51:50Z",
        "building_source_url": "https://www.openstreetmap.org/way/270107207",
        "building_version": 3,
        "building_timestamp": "2025-04-14T09:51:50Z",
        "address_fields_from_building": [],
        "website_original": null,
        "website": null,
        "polygon_status": "CONTAINING_BUILDING_NOT_TENANCY_VERIFIED",
        "status": "OSM_SOURCED_NOT_OPERATOR_VERIFIED",
        "chat_radius_km": 0.0035,
        "boundary_clearance_m": 6.878332096936725,
        "boundary_margin_m": 3.3,
        "radius_status": "CIRCLE_INSIDE_OSM_BUILDING_NOT_GPS_GUARANTEE",
        "view_km": 32.0
      }
    },
    {
      "type": "Feature",
      "geometry": {
        "type": "Polygon",
        "coordinates": [
          [
            [
              10.3387592,
              51.857993
            ],
            [
              10.338445,
              51.8577668
            ],
            [
              10.3386975,
              51.8576331
            ],
            [
              10.338875,
              51.8577609
            ],
            [
              10.3389196,
              51.857793
            ],
            [
              10.3390117,
              51.8578593
            ],
            [
              10.3387592,
              51.857993
            ]
          ]
        ]
      },
      "properties": {
        "key": "osm-way-186605459",
        "name": "Seerose",
        "city": "Goslar",
        "street": "Parkstraße 4-6",
        "zip": "38644",
        "category": 14,
        "lat": 51.8578144896,
        "lng": 10.33873033345,
        "pin_method": "INTERIOR_MAX_CLEARANCE_GRID",
        "original_poi": null,
        "pin_shift_m": 0,
        "source_url": "https://www.openstreetmap.org/way/186605459",
        "source_version": 7,
        "source_timestamp": "2026-04-30T20:37:54Z",
        "building_source_url": "https://www.openstreetmap.org/way/186605459",
        "building_version": 7,
        "building_timestamp": "2026-04-30T20:37:54Z",
        "address_fields_from_building": [],
        "website_original": "https://www.kranichsee.de/hotels",
        "website": "https://www.kranichsee.de/hotels",
        "polygon_status": "CONTAINING_BUILDING_NOT_TENANCY_VERIFIED",
        "status": "OSM_SOURCED_NOT_OPERATOR_VERIFIED",
        "chat_radius_km": 0.0081,
        "boundary_clearance_m": 11.43256466407087,
        "boundary_margin_m": 3.3,
        "radius_status": "CIRCLE_INSIDE_OSM_BUILDING_NOT_GPS_GUARANTEE",
        "view_km": 32.0
      }
    },
    {
      "type": "Feature",
      "geometry": {
        "type": "Polygon",
        "coordinates": [
          [
            [
              10.541245,
              52.519649
            ],
            [
              10.541387,
              52.519695
            ],
            [
              10.541395,
              52.519685
            ],
            [
              10.5415,
              52.51972
            ],
            [
              10.541582,
              52.519627
            ],
            [
              10.541477,
              52.519593
            ],
            [
              10.541484,
              52.519585
            ],
            [
              10.541438,
              52.51957
            ],
            [
              10.54143,
              52.519579
            ],
            [
              10.541365,
              52.519558
            ],
            [
              10.541373,
              52.519548
            ],
            [
              10.541343,
              52.519538
            ],
            [
              10.541245,
              52.519649
            ]
          ]
        ]
      },
      "properties": {
        "key": "osm-way-278782504",
        "name": "Zum Isetal",
        "city": "Gifhorn",
        "street": "Im Winkel 4",
        "zip": "38518",
        "category": 14,
        "lat": 52.519626724999995,
        "lng": 10.541376767,
        "pin_method": "INTERIOR_MAX_CLEARANCE_GRID",
        "original_poi": null,
        "pin_shift_m": 0,
        "source_url": "https://www.openstreetmap.org/way/278782504",
        "source_version": 6,
        "source_timestamp": "2026-04-08T11:44:03Z",
        "building_source_url": "https://www.openstreetmap.org/way/278782504",
        "building_version": 6,
        "building_timestamp": "2026-04-08T11:44:03Z",
        "address_fields_from_building": [],
        "website_original": null,
        "website": null,
        "polygon_status": "CONTAINING_BUILDING_NOT_TENANCY_VERIFIED",
        "status": "OSM_SOURCED_NOT_OPERATOR_VERIFIED",
        "chat_radius_km": 0.003,
        "boundary_clearance_m": 6.383151371573391,
        "boundary_margin_m": 3.3,
        "radius_status": "CIRCLE_INSIDE_OSM_BUILDING_NOT_GPS_GUARANTEE",
        "view_km": 32.0
      }
    },
    {
      "type": "Feature",
      "geometry": {
        "type": "Polygon",
        "coordinates": [
          [
            [
              10.5612849,
              52.2646658
            ],
            [
              10.5616035,
              52.2647402
            ],
            [
              10.561629,
              52.2646991
            ],
            [
              10.5615545,
              52.2646818
            ],
            [
              10.5616276,
              52.2645646
            ],
            [
              10.5614174,
              52.2645155
            ],
            [
              10.5613385,
              52.2646421
            ],
            [
              10.5613046,
              52.2646342
            ],
            [
              10.5612849,
              52.2646658
            ]
          ]
        ]
      },
      "properties": {
        "key": "osm-way-34103193",
        "name": "Zur Freundschaft",
        "city": "Braunschweig",
        "street": "Georg-Westermann-Allee 36",
        "zip": "38104",
        "category": 14,
        "lat": 52.264606278799995,
        "lng": 10.561481209050001,
        "pin_method": "INTERIOR_MAX_CLEARANCE_GRID",
        "original_poi": null,
        "pin_shift_m": 0,
        "source_url": "https://www.openstreetmap.org/way/34103193",
        "source_version": 12,
        "source_timestamp": "2026-03-19T08:34:49Z",
        "building_source_url": "https://www.openstreetmap.org/way/34103193",
        "building_version": 12,
        "building_timestamp": "2026-03-19T08:34:49Z",
        "address_fields_from_building": [],
        "website_original": "https://zur-freundschaft-bs.de/",
        "website": "https://zur-freundschaft-bs.de/",
        "polygon_status": "CONTAINING_BUILDING_NOT_TENANCY_VERIFIED",
        "status": "OSM_SOURCED_NOT_OPERATOR_VERIFIED",
        "chat_radius_km": 0.0043,
        "boundary_clearance_m": 7.663127257302796,
        "boundary_margin_m": 3.3,
        "radius_status": "CIRCLE_INSIDE_OSM_BUILDING_NOT_GPS_GUARANTEE",
        "view_km": 32.0
      }
    },
    {
      "type": "Feature",
      "geometry": {
        "type": "Polygon",
        "coordinates": [
          [
            [
              10.716083,
              52.4160302
            ],
            [
              10.7162769,
              52.4159825
            ],
            [
              10.7162151,
              52.4158891
            ],
            [
              10.7161142,
              52.4159139
            ],
            [
              10.7160549,
              52.4158244
            ],
            [
              10.7159619,
              52.4158473
            ],
            [
              10.716083,
              52.4160302
            ]
          ]
        ]
      },
      "properties": {
        "key": "osm-way-46965878",
        "name": "Oniro",
        "city": "Wolfsburg",
        "street": "Hofekamp 7",
        "zip": "38442",
        "category": 14,
        "lat": 52.4159624918,
        "lng": 10.7161368825,
        "pin_method": "INTERIOR_MAX_CLEARANCE_GRID",
        "original_poi": null,
        "pin_shift_m": 0,
        "source_url": "https://www.openstreetmap.org/way/46965878",
        "source_version": 6,
        "source_timestamp": "2024-11-29T19:31:55Z",
        "building_source_url": "https://www.openstreetmap.org/way/46965878",
        "building_version": 6,
        "building_timestamp": "2024-11-29T19:31:55Z",
        "address_fields_from_building": [],
        "website_original": null,
        "website": null,
        "polygon_status": "CONTAINING_BUILDING_NOT_TENANCY_VERIFIED",
        "status": "OSM_SOURCED_NOT_OPERATOR_VERIFIED",
        "chat_radius_km": 0.0023,
        "boundary_clearance_m": 5.621662505357299,
        "boundary_margin_m": 3.3,
        "radius_status": "CIRCLE_INSIDE_OSM_BUILDING_NOT_GPS_GUARANTEE",
        "view_km": 32.0
      }
    },
    {
      "type": "Feature",
      "geometry": {
        "type": "Polygon",
        "coordinates": [
          [
            [
              9.7140323,
              52.3667701
            ],
            [
              9.7141401,
              52.366784
            ],
            [
              9.7140732,
              52.3669721
            ],
            [
              9.7134098,
              52.3670318
            ],
            [
              9.7134355,
              52.3671386
            ],
            [
              9.7140989,
              52.3670789
            ],
            [
              9.714294,
              52.3670613
            ],
            [
              9.7143578,
              52.3668808
            ],
            [
              9.7143811,
              52.3668151
            ],
            [
              9.7144041,
              52.3667523
            ],
            [
              9.7144266,
              52.3666909
            ],
            [
              9.7144023,
              52.3666878
            ],
            [
              9.714074,
              52.3666466
            ],
            [
              9.7137094,
              52.3667268
            ],
            [
              9.7137071,
              52.3667228
            ],
            [
              9.7136608,
              52.3667325
            ],
            [
              9.7136383,
              52.3667372
            ],
            [
              9.7135526,
              52.3667552
            ],
            [
              9.7135949,
              52.3668305
            ],
            [
              9.7136235,
              52.3668814
            ],
            [
              9.7137172,
              52.3668617
            ],
            [
              9.7137279,
              52.3668683
            ],
            [
              9.7137436,
              52.3668732
            ],
            [
              9.7137641,
              52.3668728
            ],
            [
              9.7137825,
              52.3668679
            ],
            [
              9.713844,
              52.366838
            ],
            [
              9.7138249,
              52.3668015
            ],
            [
              9.7139888,
              52.3667663
            ],
            [
              9.7140323,
              52.3667701
            ]
          ]
        ]
      },
      "properties": {
        "key": "osm-node-51309038",
        "name": "Stadtbibliothek Linden",
        "city": "Hannover",
        "street": "Lindener Marktplatz 1",
        "zip": "30449",
        "category": 16,
        "lat": 52.3669072,
        "lng": 9.7142682,
        "pin_method": "OSM_POI_INSIDE_BUILDING",
        "original_poi": [
          9.7142682,
          52.3669072
        ],
        "pin_shift_m": 0.0,
        "source_url": "https://www.openstreetmap.org/node/51309038",
        "source_version": 18,
        "source_timestamp": "2026-07-28T06:17:11Z",
        "building_source_url": "https://www.openstreetmap.org/way/237417738",
        "building_version": 7,
        "building_timestamp": "2023-07-24T17:28:19Z",
        "address_fields_from_building": [],
        "website_original": "https://www.hannover.de/Leben-in-der-Region-Hannover/Bildung/Bibliotheken-Archive/Stadtbibliothek-Hannover/Bibliotheken-%C3%96ffnungszeiten/Stadtbibliothek-Linden",
        "website": "https://www.hannover.de/Leben-in-der-Region-Hannover/Bildung/Bibliotheken-Archive/Stadtbibliothek-Hannover/Bibliotheken-%C3%96ffnungszeiten/Stadtbibliothek-Linden",
        "polygon_status": "CONTAINING_BUILDING_NOT_TENANCY_VERIFIED",
        "status": "OSM_SOURCED_NOT_OPERATOR_VERIFIED",
        "chat_radius_km": 0.002,
        "boundary_clearance_m": 5.333240805583255,
        "boundary_margin_m": 3.3,
        "radius_status": "CIRCLE_INSIDE_OSM_BUILDING_NOT_GPS_GUARANTEE",
        "view_km": 32.0
      }
    },
    {
      "type": "Feature",
      "geometry": {
        "type": "Polygon",
        "coordinates": [
          [
            [
              10.1331368,
              52.645856
            ],
            [
              10.1334149,
              52.6458932
            ],
            [
              10.1333921,
              52.6459562
            ],
            [
              10.1335324,
              52.645975
            ],
            [
              10.133591,
              52.6458128
            ],
            [
              10.1331727,
              52.6457568
            ],
            [
              10.1331368,
              52.645856
            ]
          ]
        ]
      },
      "properties": {
        "key": "osm-way-238887302",
        "name": "Landgasthof Sohnemann",
        "city": "Celle",
        "street": "Straßenkamp 4",
        "zip": "29229",
        "category": 14,
        "lat": 52.645855099100004,
        "lng": 10.133481764899999,
        "pin_method": "INTERIOR_MAX_CLEARANCE_GRID",
        "original_poi": null,
        "pin_shift_m": 0,
        "source_url": "https://www.openstreetmap.org/way/238887302",
        "source_version": 3,
        "source_timestamp": "2018-07-28T05:41:17Z",
        "building_source_url": "https://www.openstreetmap.org/way/238887302",
        "building_version": 3,
        "building_timestamp": "2018-07-28T05:41:17Z",
        "address_fields_from_building": [],
        "website_original": null,
        "website": null,
        "polygon_status": "CONTAINING_BUILDING_NOT_TENANCY_VERIFIED",
        "status": "OSM_SOURCED_NOT_OPERATOR_VERIFIED",
        "chat_radius_km": 0.0028,
        "boundary_clearance_m": 6.187827998009433,
        "boundary_margin_m": 3.3,
        "radius_status": "CIRCLE_INSIDE_OSM_BUILDING_NOT_GPS_GUARANTEE",
        "view_km": 32.0
      }
    },
    {
      "type": "Feature",
      "geometry": {
        "type": "Polygon",
        "coordinates": [
          [
            [
              10.4874656,
              51.8978285
            ],
            [
              10.4877932,
              51.8977896
            ],
            [
              10.4877526,
              51.8976597
            ],
            [
              10.4874244,
              51.8976987
            ],
            [
              10.4874305,
              51.8977182
            ],
            [
              10.4873087,
              51.8977327
            ],
            [
              10.4873338,
              51.897813
            ],
            [
              10.4874562,
              51.8977984
            ],
            [
              10.4874656,
              51.8978285
            ]
          ]
        ]
      },
      "properties": {
        "key": "osm-way-248181945",
        "name": "Sportklause VfL Oker",
        "city": "Goslar",
        "street": "Försterwiese 13a",
        "zip": "38642",
        "category": 14,
        "lat": 51.8977438468,
        "lng": 10.487611270250001,
        "pin_method": "INTERIOR_MAX_CLEARANCE_GRID",
        "original_poi": null,
        "pin_shift_m": 0,
        "source_url": "https://www.openstreetmap.org/way/248181945",
        "source_version": 5,
        "source_timestamp": "2023-09-08T17:01:02Z",
        "building_source_url": "https://www.openstreetmap.org/way/248181945",
        "building_version": 5,
        "building_timestamp": "2023-09-08T17:01:02Z",
        "address_fields_from_building": [],
        "website_original": "http://www.sportklause-oker.de/",
        "website": "http://www.sportklause-oker.de/",
        "polygon_status": "CONTAINING_BUILDING_NOT_TENANCY_VERIFIED",
        "status": "OSM_SOURCED_NOT_OPERATOR_VERIFIED",
        "chat_radius_km": 0.004,
        "boundary_clearance_m": 7.3624185381846114,
        "boundary_margin_m": 3.3,
        "radius_status": "CIRCLE_INSIDE_OSM_BUILDING_NOT_GPS_GUARANTEE",
        "view_km": 32.0
      }
    },
    {
      "type": "Feature",
      "geometry": {
        "type": "Polygon",
        "coordinates": [
          [
            [
              10.5974687,
              52.2909368
            ],
            [
              10.5974093,
              52.2909398
            ],
            [
              10.5974052,
              52.2909093
            ],
            [
              10.5972976,
              52.2909148
            ],
            [
              10.5973018,
              52.2909453
            ],
            [
              10.5970266,
              52.2909593
            ],
            [
              10.5970277,
              52.2909672
            ],
            [
              10.5968699,
              52.2909747
            ],
            [
              10.5968395,
              52.29104
            ],
            [
              10.5970337,
              52.2910301
            ],
            [
              10.5970346,
              52.2910371
            ],
            [
              10.5972443,
              52.2910265
            ],
            [
              10.5972464,
              52.2910418
            ],
            [
              10.5974814,
              52.2910298
            ],
            [
              10.5974687,
              52.2909368
            ]
          ]
        ]
      },
      "properties": {
        "key": "osm-way-111081348",
        "name": "Adriatic-Grill",
        "city": "Braunschweig",
        "street": "Berliner Heerstraße 59",
        "zip": "38104",
        "category": 14,
        "lat": 52.29098330125,
        "lng": 10.597361043749999,
        "pin_method": "INTERIOR_MAX_CLEARANCE_GRID",
        "original_poi": null,
        "pin_shift_m": 0,
        "source_url": "https://www.openstreetmap.org/way/111081348",
        "source_version": 4,
        "source_timestamp": "2025-03-04T18:31:33Z",
        "building_source_url": "https://www.openstreetmap.org/way/111081348",
        "building_version": 4,
        "building_timestamp": "2025-03-04T18:31:33Z",
        "address_fields_from_building": [],
        "website_original": null,
        "website": null,
        "polygon_status": "CONTAINING_BUILDING_NOT_TENANCY_VERIFIED",
        "status": "OSM_SOURCED_NOT_OPERATOR_VERIFIED",
        "chat_radius_km": 0.0025,
        "boundary_clearance_m": 5.840080313500735,
        "boundary_margin_m": 3.3,
        "radius_status": "CIRCLE_INSIDE_OSM_BUILDING_NOT_GPS_GUARANTEE",
        "view_km": 32.0
      }
    },
    {
      "type": "Feature",
      "geometry": {
        "type": "Polygon",
        "coordinates": [
          [
            [
              10.7540709,
              52.3923891
            ],
            [
              10.7541056,
              52.3924121
            ],
            [
              10.7541834,
              52.3924128
            ],
            [
              10.7542146,
              52.392392
            ],
            [
              10.7543104,
              52.3923933
            ],
            [
              10.7543138,
              52.3923267
            ],
            [
              10.7544729,
              52.3923281
            ],
            [
              10.7544738,
              52.392192
            ],
            [
              10.7546019,
              52.3921935
            ],
            [
              10.7546051,
              52.392093
            ],
            [
              10.7545939,
              52.3920929
            ],
            [
              10.7544464,
              52.3920911
            ],
            [
              10.7544459,
              52.3921051
            ],
            [
              10.7542088,
              52.3921023
            ],
            [
              10.7541771,
              52.3920817
            ],
            [
              10.7540766,
              52.3920808
            ],
            [
              10.7540419,
              52.3921042
            ],
            [
              10.7540405,
              52.3921628
            ],
            [
              10.7540748,
              52.3921816
            ],
            [
              10.7540709,
              52.3923891
            ]
          ]
        ]
      },
      "properties": {
        "key": "osm-way-118710908",
        "name": "Pizza & Coffee Meynum",
        "city": "Wolfsburg",
        "street": "Detmeroder Markt 19",
        "zip": "38444",
        "category": 14,
        "lat": 52.392217086,
        "lng": 10.7542612586,
        "pin_method": "INTERIOR_MAX_CLEARANCE_GRID",
        "original_poi": null,
        "pin_shift_m": 0,
        "source_url": "https://www.openstreetmap.org/way/118710908",
        "source_version": 10,
        "source_timestamp": "2025-07-18T17:30:37Z",
        "building_source_url": "https://www.openstreetmap.org/way/118710908",
        "building_version": 10,
        "building_timestamp": "2025-07-18T17:30:37Z",
        "address_fields_from_building": [],
        "website_original": null,
        "website": null,
        "polygon_status": "CONTAINING_BUILDING_NOT_TENANCY_VERIFIED",
        "status": "OSM_SOURCED_NOT_OPERATOR_VERIFIED",
        "chat_radius_km": 0.0094,
        "boundary_clearance_m": 12.706635490629314,
        "boundary_margin_m": 3.3,
        "radius_status": "CIRCLE_INSIDE_OSM_BUILDING_NOT_GPS_GUARANTEE",
        "view_km": 32.0
      }
    },
    {
      "type": "Feature",
      "geometry": {
        "type": "Polygon",
        "coordinates": [
          [
            [
              9.7306756,
              52.3735983
            ],
            [
              9.7305181,
              52.3737903
            ],
            [
              9.7299534,
              52.3736177
            ],
            [
              9.7301589,
              52.3733671
            ],
            [
              9.7303639,
              52.3734298
            ],
            [
              9.7306756,
              52.3735983
            ]
          ]
        ]
      },
      "properties": {
        "key": "osm-node-7066027627",
        "name": "bona'me",
        "city": "Hannover",
        "street": "Am Hohen Ufer 5",
        "zip": "30159",
        "category": 14,
        "lat": 52.3735106,
        "lng": 9.7301401,
        "pin_method": "OSM_POI_INSIDE_BUILDING",
        "original_poi": [
          9.7301401,
          52.3735106
        ],
        "pin_shift_m": 0.0,
        "source_url": "https://www.openstreetmap.org/node/7066027627",
        "source_version": 14,
        "source_timestamp": "2026-04-10T10:58:37Z",
        "building_source_url": "https://www.openstreetmap.org/way/549778535",
        "building_version": 5,
        "building_timestamp": "2024-06-19T12:17:22Z",
        "address_fields_from_building": [],
        "website_original": "https://bona-me.de/hannover-boname/",
        "website": "https://bona-me.de/hannover-boname/",
        "polygon_status": "CONTAINING_BUILDING_NOT_TENANCY_VERIFIED",
        "status": "OSM_SOURCED_NOT_OPERATOR_VERIFIED",
        "chat_radius_km": 0.0027,
        "boundary_clearance_m": 6.008770306206533,
        "boundary_margin_m": 3.3,
        "radius_status": "CIRCLE_INSIDE_OSM_BUILDING_NOT_GPS_GUARANTEE",
        "view_km": 32.0
      }
    },
    {
      "type": "Feature",
      "geometry": {
        "type": "Polygon",
        "coordinates": [
          [
            [
              10.0525415,
              52.5987508
            ],
            [
              10.0528401,
              52.5987368
            ],
            [
              10.0528243,
              52.5986121
            ],
            [
              10.0525257,
              52.5986261
            ],
            [
              10.0525415,
              52.5987508
            ]
          ]
        ]
      },
      "properties": {
        "key": "osm-way-217478400",
        "name": "Vereinsheim Friedrichslust",
        "city": "Celle",
        "street": "Zum Kiebitzsee 1000",
        "zip": "29225",
        "category": 14,
        "lat": 52.59868145,
        "lng": 10.0526829,
        "pin_method": "INTERIOR_MAX_CLEARANCE_GRID",
        "original_poi": null,
        "pin_shift_m": 0,
        "source_url": "https://www.openstreetmap.org/way/217478400",
        "source_version": 1,
        "source_timestamp": "2013-04-14T19:11:38Z",
        "building_source_url": "https://www.openstreetmap.org/way/217478400",
        "building_version": 1,
        "building_timestamp": "2013-04-14T19:11:38Z",
        "address_fields_from_building": [],
        "website_original": null,
        "website": null,
        "polygon_status": "CONTAINING_BUILDING_NOT_TENANCY_VERIFIED",
        "status": "OSM_SOURCED_NOT_OPERATOR_VERIFIED",
        "chat_radius_km": 0.0036,
        "boundary_clearance_m": 6.961325741957833,
        "boundary_margin_m": 3.3,
        "radius_status": "CIRCLE_INSIDE_OSM_BUILDING_NOT_GPS_GUARANTEE",
        "view_km": 32.0
      }
    },
    {
      "type": "Feature",
      "geometry": {
        "type": "Polygon",
        "coordinates": [
          [
            [
              10.3976414,
              51.8989523
            ],
            [
              10.3976813,
              51.8989666
            ],
            [
              10.3976317,
              51.8990193
            ],
            [
              10.3977923,
              51.8990768
            ],
            [
              10.3978184,
              51.8990491
            ],
            [
              10.3978414,
              51.8990246
            ],
            [
              10.3978949,
              51.8990438
            ],
            [
              10.3980214,
              51.8989093
            ],
            [
              10.3977674,
              51.8988183
            ],
            [
              10.3976414,
              51.8989523
            ]
          ]
        ]
      },
      "properties": {
        "key": "osm-way-124781353",
        "name": "Steinberg Alm \"Zum Rösner\"",
        "city": "Goslar",
        "street": "Nonnenberg 11",
        "zip": "38644",
        "category": 14,
        "lat": 51.89893811475,
        "lng": 10.397818950849999,
        "pin_method": "INTERIOR_MAX_CLEARANCE_GRID",
        "original_poi": null,
        "pin_shift_m": 0,
        "source_url": "https://www.openstreetmap.org/way/124781353",
        "source_version": 18,
        "source_timestamp": "2026-04-07T09:29:48Z",
        "building_source_url": "https://www.openstreetmap.org/way/124781353",
        "building_version": 18,
        "building_timestamp": "2026-04-07T09:29:48Z",
        "address_fields_from_building": [],
        "website_original": "https://www.steinbergalm.de/",
        "website": "https://www.steinbergalm.de/",
        "polygon_status": "CONTAINING_BUILDING_NOT_TENANCY_VERIFIED",
        "status": "OSM_SOURCED_NOT_OPERATOR_VERIFIED",
        "chat_radius_km": 0.0064,
        "boundary_clearance_m": 9.750248997046258,
        "boundary_margin_m": 3.3,
        "radius_status": "CIRCLE_INSIDE_OSM_BUILDING_NOT_GPS_GUARANTEE",
        "view_km": 32.0
      }
    },
    {
      "type": "Feature",
      "geometry": {
        "type": "Polygon",
        "coordinates": [
          [
            [
              10.5239456,
              52.2655321
            ],
            [
              10.5237829,
              52.2655266
            ],
            [
              10.5237534,
              52.2657399
            ],
            [
              10.5236676,
              52.2657242
            ],
            [
              10.5236087,
              52.2658254
            ],
            [
              10.5237586,
              52.2658567
            ],
            [
              10.5238149,
              52.2657815
            ],
            [
              10.5239456,
              52.2655321
            ]
          ]
        ]
      },
      "properties": {
        "key": "osm-way-118906270",
        "name": "Gewürz Küche",
        "city": "Braunschweig",
        "street": "Ruhfäutchenplatz 2",
        "zip": "38100",
        "category": 14,
        "lat": 52.265787379,
        "lng": 10.523719034749998,
        "pin_method": "INTERIOR_MAX_CLEARANCE_GRID",
        "original_poi": null,
        "pin_shift_m": 0,
        "source_url": "https://www.openstreetmap.org/way/118906270",
        "source_version": 5,
        "source_timestamp": "2026-08-01T19:04:40Z",
        "building_source_url": "https://www.openstreetmap.org/way/118906270",
        "building_version": 5,
        "building_timestamp": "2026-08-01T19:04:40Z",
        "address_fields_from_building": [],
        "website_original": null,
        "website": null,
        "polygon_status": "CONTAINING_BUILDING_NOT_TENANCY_VERIFIED",
        "status": "OSM_SOURCED_NOT_OPERATOR_VERIFIED",
        "chat_radius_km": 0.0023,
        "boundary_clearance_m": 5.6608850489244835,
        "boundary_margin_m": 3.3,
        "radius_status": "CIRCLE_INSIDE_OSM_BUILDING_NOT_GPS_GUARANTEE",
        "view_km": 32.0
      }
    },
    {
      "type": "Feature",
      "geometry": {
        "type": "Polygon",
        "coordinates": [
          [
            [
              10.8043552,
              52.4172329
            ],
            [
              10.804482,
              52.4171772
            ],
            [
              10.8046153,
              52.41729
            ],
            [
              10.8044885,
              52.4173457
            ],
            [
              10.8043552,
              52.4172329
            ]
          ]
        ]
      },
      "properties": {
        "key": "osm-way-216604991",
        "name": "Zeus",
        "city": "Wolfsburg",
        "street": "Unter den Eichen 2a-b",
        "zip": "38446",
        "category": 14,
        "lat": 52.41726145,
        "lng": 10.804485249999999,
        "pin_method": "INTERIOR_MAX_CLEARANCE_GRID",
        "original_poi": null,
        "pin_shift_m": 0,
        "source_url": "https://www.openstreetmap.org/way/216604991",
        "source_version": 5,
        "source_timestamp": "2026-08-19T04:44:47Z",
        "building_source_url": "https://www.openstreetmap.org/way/216604991",
        "building_version": 5,
        "building_timestamp": "2026-08-19T04:44:47Z",
        "address_fields_from_building": [],
        "website_original": null,
        "website": null,
        "polygon_status": "CONTAINING_BUILDING_NOT_TENANCY_VERIFIED",
        "status": "OSM_SOURCED_NOT_OPERATOR_VERIFIED",
        "chat_radius_km": 0.002,
        "boundary_clearance_m": 5.304770916440274,
        "boundary_margin_m": 3.3,
        "radius_status": "CIRCLE_INSIDE_OSM_BUILDING_NOT_GPS_GUARANTEE",
        "view_km": 32.0
      }
    },
    {
      "type": "Feature",
      "geometry": {
        "type": "Polygon",
        "coordinates": [
          [
            [
              9.7447201,
              52.3733554
            ],
            [
              9.7446081,
              52.3734789
            ],
            [
              9.744396,
              52.3734084
            ],
            [
              9.7443645,
              52.3732214
            ],
            [
              9.7445582,
              52.37321
            ],
            [
              9.7445712,
              52.3733045
            ],
            [
              9.7445963,
              52.3733131
            ],
            [
              9.7447201,
              52.3733554
            ]
          ]
        ]
      },
      "properties": {
        "key": "osm-node-539069162",
        "name": "Alexander",
        "city": "Hannover",
        "street": "Prinzenstraße 10",
        "zip": "30159",
        "category": 14,
        "lat": 52.3733640797,
        "lng": 9.7445069178,
        "pin_method": "INTERIOR_MAX_CLEARANCE_GRID",
        "original_poi": [
          9.7446238,
          52.3733481
        ],
        "pin_shift_m": 8.140331857782188,
        "source_url": "https://www.openstreetmap.org/node/539069162",
        "source_version": 12,
        "source_timestamp": "2024-08-20T06:44:46Z",
        "building_source_url": "https://www.openstreetmap.org/way/124426752",
        "building_version": 8,
        "building_timestamp": "2021-09-20T08:26:32Z",
        "address_fields_from_building": [],
        "website_original": "https://www.alexander-hannover.de/",
        "website": "https://www.alexander-hannover.de/",
        "polygon_status": "CONTAINING_BUILDING_NOT_TENANCY_VERIFIED",
        "status": "OSM_SOURCED_NOT_OPERATOR_VERIFIED",
        "chat_radius_km": 0.0046,
        "boundary_clearance_m": 7.937686746225754,
        "boundary_margin_m": 3.3,
        "radius_status": "CIRCLE_INSIDE_OSM_BUILDING_NOT_GPS_GUARANTEE",
        "view_km": 32.0
      }
    },
    {
      "type": "Feature",
      "geometry": {
        "type": "Polygon",
        "coordinates": [
          [
            [
              10.4188169,
              51.8890303
            ],
            [
              10.4188722,
              51.8888765
            ],
            [
              10.4190158,
              51.8888962
            ],
            [
              10.4190876,
              51.888906
            ],
            [
              10.4191227,
              51.8889108
            ],
            [
              10.4190674,
              51.8890646
            ],
            [
              10.4189422,
              51.8890475
            ],
            [
              10.4188169,
              51.8890303
            ]
          ]
        ]
      },
      "properties": {
        "key": "osm-way-122869807",
        "name": "Vinsanto zum Förderturm",
        "city": "Goslar",
        "street": "Bergtal 4",
        "zip": "38644",
        "category": 14,
        "lat": 51.888970549999996,
        "lng": 10.418969494199999,
        "pin_method": "INTERIOR_MAX_CLEARANCE_GRID",
        "original_poi": null,
        "pin_shift_m": 0,
        "source_url": "https://www.openstreetmap.org/way/122869807",
        "source_version": 11,
        "source_timestamp": "2024-05-19T19:39:22Z",
        "building_source_url": "https://www.openstreetmap.org/way/122869807",
        "building_version": 11,
        "building_timestamp": "2024-05-19T19:39:22Z",
        "address_fields_from_building": [],
        "website_original": "https://vinsanto-zum-foerderturm.eatbu.com",
        "website": "https://vinsanto-zum-foerderturm.eatbu.com",
        "polygon_status": "CONTAINING_BUILDING_NOT_TENANCY_VERIFIED",
        "status": "OSM_SOURCED_NOT_OPERATOR_VERIFIED",
        "chat_radius_km": 0.0054,
        "boundary_clearance_m": 8.768885582946096,
        "boundary_margin_m": 3.3,
        "radius_status": "CIRCLE_INSIDE_OSM_BUILDING_NOT_GPS_GUARANTEE",
        "view_km": 32.0
      }
    },
    {
      "type": "Feature",
      "geometry": {
        "type": "Polygon",
        "coordinates": [
          [
            [
              10.520069,
              52.2297773
            ],
            [
              10.5200179,
              52.2296363
            ],
            [
              10.5198538,
              52.2296586
            ],
            [
              10.5199049,
              52.2297996
            ],
            [
              10.520069,
              52.2297773
            ]
          ]
        ]
      },
      "properties": {
        "key": "osm-way-159932727",
        "name": "Hanoi Phô",
        "city": "Braunschweig",
        "street": "Leipziger Straße 85",
        "zip": "38124",
        "category": 14,
        "lat": 52.22971795,
        "lng": 10.5199614,
        "pin_method": "INTERIOR_MAX_CLEARANCE_GRID",
        "original_poi": null,
        "pin_shift_m": 0,
        "source_url": "https://www.openstreetmap.org/way/159932727",
        "source_version": 10,
        "source_timestamp": "2026-05-07T14:34:08Z",
        "building_source_url": "https://www.openstreetmap.org/way/159932727",
        "building_version": 10,
        "building_timestamp": "2026-05-07T14:34:08Z",
        "address_fields_from_building": [],
        "website_original": null,
        "website": null,
        "polygon_status": "CONTAINING_BUILDING_NOT_TENANCY_VERIFIED",
        "status": "OSM_SOURCED_NOT_OPERATOR_VERIFIED",
        "chat_radius_km": 0.0024,
        "boundary_clearance_m": 5.730468483752709,
        "boundary_margin_m": 3.3,
        "radius_status": "CIRCLE_INSIDE_OSM_BUILDING_NOT_GPS_GUARANTEE",
        "view_km": 32.0
      }
    },
    {
      "type": "Feature",
      "geometry": {
        "type": "Polygon",
        "coordinates": [
          [
            [
              9.7062005,
              52.3728875
            ],
            [
              9.7061543,
              52.3729019
            ],
            [
              9.7060742,
              52.3728118
            ],
            [
              9.7062321,
              52.3727586
            ],
            [
              9.7062866,
              52.372769
            ],
            [
              9.7064218,
              52.3729175
            ],
            [
              9.706274,
              52.3729665
            ],
            [
              9.7062005,
              52.3728875
            ]
          ]
        ]
      },
      "properties": {
        "key": "osm-node-268810378",
        "name": "Corner",
        "city": "Hannover",
        "street": "Velberstraße 10",
        "zip": "30451",
        "category": 5,
        "lat": 52.372829286,
        "lng": 9.7062278392,
        "pin_method": "INTERIOR_MAX_CLEARANCE_GRID",
        "original_poi": [
          9.7062374,
          52.3727903
        ],
        "pin_shift_m": 4.388295413641137,
        "source_url": "https://www.openstreetmap.org/node/268810378",
        "source_version": 15,
        "source_timestamp": "2026-08-31T14:33:08Z",
        "building_source_url": "https://www.openstreetmap.org/way/175083902",
        "building_version": 1,
        "building_timestamp": "2012-08-08T14:58:04Z",
        "address_fields_from_building": [],
        "website_original": "https://www.cornerhannover.de/",
        "website": "https://www.cornerhannover.de/",
        "polygon_status": "CONTAINING_BUILDING_NOT_TENANCY_VERIFIED",
        "status": "OSM_SOURCED_NOT_OPERATOR_VERIFIED",
        "chat_radius_km": 0.0034,
        "boundary_clearance_m": 6.741493893562978,
        "boundary_margin_m": 3.3,
        "radius_status": "CIRCLE_INSIDE_OSM_BUILDING_NOT_GPS_GUARANTEE",
        "view_km": 32.0
      }
    },
    {
      "type": "Feature",
      "geometry": {
        "type": "Polygon",
        "coordinates": [
          [
            [
              10.4292642,
              51.9057404
            ],
            [
              10.4295053,
              51.9057769
            ],
            [
              10.4295569,
              51.9056729
            ],
            [
              10.4294376,
              51.9056506
            ],
            [
              10.4294894,
              51.9055981
            ],
            [
              10.4293945,
              51.9055727
            ],
            [
              10.4292642,
              51.9057404
            ]
          ]
        ]
      },
      "properties": {
        "key": "osm-node-11683825313",
        "name": "Cafe am Markt",
        "city": "Goslar",
        "street": "Markt 4",
        "zip": "38640",
        "category": 5,
        "lat": 51.9057019586,
        "lng": 10.4293976712,
        "pin_method": "INTERIOR_MAX_CLEARANCE_GRID",
        "original_poi": [
          10.4293851,
          51.9057511
        ],
        "pin_shift_m": 5.538134756580215,
        "source_url": "https://www.openstreetmap.org/node/11683825313",
        "source_version": 1,
        "source_timestamp": "2024-03-02T05:33:21Z",
        "building_source_url": "https://www.openstreetmap.org/way/135962222",
        "building_version": 7,
        "building_timestamp": "2024-03-02T05:33:21Z",
        "address_fields_from_building": [
          "addr:housenumber"
        ],
        "website_original": null,
        "website": null,
        "polygon_status": "CONTAINING_BUILDING_NOT_TENANCY_VERIFIED",
        "status": "OSM_SOURCED_NOT_OPERATOR_VERIFIED",
        "chat_radius_km": 0.003,
        "boundary_clearance_m": 6.34054600921794,
        "boundary_margin_m": 3.3,
        "radius_status": "CIRCLE_INSIDE_OSM_BUILDING_NOT_GPS_GUARANTEE",
        "view_km": 32.0
      }
    },
    {
      "type": "Feature",
      "geometry": {
        "type": "Polygon",
        "coordinates": [
          [
            [
              10.5016421,
              52.2571546
            ],
            [
              10.501578,
              52.2571987
            ],
            [
              10.501486,
              52.2571514
            ],
            [
              10.5015796,
              52.2570831
            ],
            [
              10.5014046,
              52.2569924
            ],
            [
              10.5013822,
              52.2570085
            ],
            [
              10.5011329,
              52.2571876
            ],
            [
              10.5012324,
              52.2572346
            ],
            [
              10.5010703,
              52.2573449
            ],
            [
              10.5014937,
              52.2573872
            ],
            [
              10.5017433,
              52.2572048
            ],
            [
              10.5016421,
              52.2571546
            ]
          ]
        ]
      },
      "properties": {
        "key": "osm-way-30819589",
        "name": "Kantina Kreativa (Mensa HBK)",
        "city": "Braunschweig",
        "street": "Pippelweg 77",
        "zip": "38118",
        "category": 14,
        "lat": 52.25726323279999,
        "lng": 10.501413193500001,
        "pin_method": "INTERIOR_MAX_CLEARANCE_GRID",
        "original_poi": null,
        "pin_shift_m": 0,
        "source_url": "https://www.openstreetmap.org/way/30819589",
        "source_version": 20,
        "source_timestamp": "2025-03-20T12:02:43Z",
        "building_source_url": "https://www.openstreetmap.org/way/30819589",
        "building_version": 20,
        "building_timestamp": "2025-03-20T12:02:43Z",
        "address_fields_from_building": [],
        "website_original": null,
        "website": null,
        "polygon_status": "CONTAINING_BUILDING_NOT_TENANCY_VERIFIED",
        "status": "OSM_SOURCED_NOT_OPERATOR_VERIFIED",
        "chat_radius_km": 0.0094,
        "boundary_clearance_m": 12.723565994756266,
        "boundary_margin_m": 3.3,
        "radius_status": "CIRCLE_INSIDE_OSM_BUILDING_NOT_GPS_GUARANTEE",
        "view_km": 32.0
      }
    },
    {
      "type": "Feature",
      "geometry": {
        "type": "Polygon",
        "coordinates": [
          [
            [
              9.7121632,
              52.3671565
            ],
            [
              9.7121809,
              52.3671862
            ],
            [
              9.712258,
              52.367186
            ],
            [
              9.7122349,
              52.3671389
            ],
            [
              9.7123012,
              52.3671262
            ],
            [
              9.7123313,
              52.3671858
            ],
            [
              9.7124909,
              52.3671768
            ],
            [
              9.7123912,
              52.3670114
            ],
            [
              9.7123437,
              52.3670212
            ],
            [
              9.7121139,
              52.3670749
            ],
            [
              9.7121632,
              52.3671565
            ]
          ]
        ]
      },
      "properties": {
        "key": "osm-node-11065641820",
        "name": "Eckis Wirtshaus",
        "city": "Hannover",
        "street": "Egestorffstraße 10",
        "zip": "30449",
        "category": 14,
        "lat": 52.36707878540001,
        "lng": 9.7123395345,
        "pin_method": "INTERIOR_MAX_CLEARANCE_GRID",
        "original_poi": [
          9.7123757,
          52.36703
        ],
        "pin_shift_m": 5.961246213424712,
        "source_url": "https://www.openstreetmap.org/node/11065641820",
        "source_version": 5,
        "source_timestamp": "2026-07-31T17:48:54Z",
        "building_source_url": "https://www.openstreetmap.org/way/237305767",
        "building_version": 2,
        "building_timestamp": "2023-07-24T19:22:22Z",
        "address_fields_from_building": [],
        "website_original": "https://eckiswirts.haus/",
        "website": "https://eckiswirts.haus/",
        "polygon_status": "CONTAINING_BUILDING_NOT_TENANCY_VERIFIED",
        "status": "OSM_SOURCED_NOT_OPERATOR_VERIFIED",
        "chat_radius_km": 0.0025,
        "boundary_clearance_m": 5.885742439031357,
        "boundary_margin_m": 3.3,
        "radius_status": "CIRCLE_INSIDE_OSM_BUILDING_NOT_GPS_GUARANTEE",
        "view_km": 32.0
      }
    },
    {
      "type": "Feature",
      "geometry": {
        "type": "Polygon",
        "coordinates": [
          [
            [
              10.5916465,
              51.9510595
            ],
            [
              10.5915582,
              51.9511753
            ],
            [
              10.5918547,
              51.9512611
            ],
            [
              10.5919429,
              51.9511452
            ],
            [
              10.5916465,
              51.9510595
            ]
          ]
        ]
      },
      "properties": {
        "key": "osm-way-192009861",
        "name": "Der Kuhstall Am Finkenherd",
        "city": "Goslar",
        "street": "Osterwiecker Straße 75",
        "zip": "38690",
        "category": 14,
        "lat": 51.95115525999999,
        "lng": 10.5917332385,
        "pin_method": "INTERIOR_MAX_CLEARANCE_GRID",
        "original_poi": null,
        "pin_shift_m": 0,
        "source_url": "https://www.openstreetmap.org/way/192009861",
        "source_version": 5,
        "source_timestamp": "2023-07-18T10:42:51Z",
        "building_source_url": "https://www.openstreetmap.org/way/192009861",
        "building_version": 5,
        "building_timestamp": "2023-07-18T10:42:51Z",
        "address_fields_from_building": [],
        "website_original": null,
        "website": null,
        "polygon_status": "CONTAINING_BUILDING_NOT_TENANCY_VERIFIED",
        "status": "OSM_SOURCED_NOT_OPERATOR_VERIFIED",
        "chat_radius_km": 0.0038,
        "boundary_clearance_m": 7.123292189313373,
        "boundary_margin_m": 3.3,
        "radius_status": "CIRCLE_INSIDE_OSM_BUILDING_NOT_GPS_GUARANTEE",
        "view_km": 32.0
      }
    },
    {
      "type": "Feature",
      "geometry": {
        "type": "Polygon",
        "coordinates": [
          [
            [
              10.4385354,
              52.2893135
            ],
            [
              10.4385307,
              52.289165
            ],
            [
              10.4387928,
              52.2891619
            ],
            [
              10.4387911,
              52.2891073
            ],
            [
              10.4389257,
              52.2891057
            ],
            [
              10.4389265,
              52.2891326
            ],
            [
              10.4389273,
              52.2891595
            ],
            [
              10.4389386,
              52.2891594
            ],
            [
              10.4394086,
              52.2891539
            ],
            [
              10.439413,
              52.2892974
            ],
            [
              10.439281,
              52.289299
            ],
            [
              10.4392804,
              52.2892774
            ],
            [
              10.4389074,
              52.2892817
            ],
            [
              10.4389082,
              52.2893092
            ],
            [
              10.4385354,
              52.2893135
            ]
          ]
        ]
      },
      "properties": {
        "key": "osm-way-31287012",
        "name": "Kantine im Thünen-Institut",
        "city": "Braunschweig",
        "street": "Bundesallee 46",
        "zip": "38116",
        "category": 14,
        "lat": 52.289237653,
        "lng": 10.43866966225,
        "pin_method": "INTERIOR_MAX_CLEARANCE_GRID",
        "original_poi": null,
        "pin_shift_m": 0,
        "source_url": "https://www.openstreetmap.org/way/31287012",
        "source_version": 8,
        "source_timestamp": "2026-03-11T16:18:22Z",
        "building_source_url": "https://www.openstreetmap.org/way/31287012",
        "building_version": 8,
        "building_timestamp": "2026-03-11T16:18:22Z",
        "address_fields_from_building": [],
        "website_original": null,
        "website": null,
        "polygon_status": "CONTAINING_BUILDING_NOT_TENANCY_VERIFIED",
        "status": "OSM_SOURCED_NOT_OPERATOR_VERIFIED",
        "chat_radius_km": 0.004900000000000001,
        "boundary_clearance_m": 8.26914982187335,
        "boundary_margin_m": 3.3,
        "radius_status": "CIRCLE_INSIDE_OSM_BUILDING_NOT_GPS_GUARANTEE",
        "view_km": 32.0
      }
    },
    {
      "type": "Feature",
      "geometry": {
        "type": "Polygon",
        "coordinates": [
          [
            [
              9.7924092,
              52.4195659
            ],
            [
              9.7924422,
              52.4194721
            ],
            [
              9.7926733,
              52.4195024
            ],
            [
              9.7926403,
              52.4195962
            ],
            [
              9.7924092,
              52.4195659
            ]
          ]
        ]
      },
      "properties": {
        "key": "osm-way-95428122",
        "name": "El Chileno",
        "city": "Hannover",
        "street": "Langenforther Straße 20",
        "zip": "30657",
        "category": 14,
        "lat": 52.419534150000004,
        "lng": 9.79254125,
        "pin_method": "INTERIOR_MAX_CLEARANCE_GRID",
        "original_poi": null,
        "pin_shift_m": 0,
        "source_url": "https://www.openstreetmap.org/way/95428122",
        "source_version": 14,
        "source_timestamp": "2025-03-11T13:03:40Z",
        "building_source_url": "https://www.openstreetmap.org/way/95428122",
        "building_version": 14,
        "building_timestamp": "2025-03-11T13:03:40Z",
        "address_fields_from_building": [],
        "website_original": "https://www.el-chileno.de/",
        "website": "https://www.el-chileno.de/",
        "polygon_status": "CONTAINING_BUILDING_NOT_TENANCY_VERIFIED",
        "status": "OSM_SOURCED_NOT_OPERATOR_VERIFIED",
        "chat_radius_km": 0.002,
        "boundary_clearance_m": 5.339731988770978,
        "boundary_margin_m": 3.3,
        "radius_status": "CIRCLE_INSIDE_OSM_BUILDING_NOT_GPS_GUARANTEE",
        "view_km": 32.0
      }
    },
    {
      "type": "Feature",
      "geometry": {
        "type": "Polygon",
        "coordinates": [
          [
            [
              10.4795607,
              51.8945383
            ],
            [
              10.47965,
              51.8946307
            ],
            [
              10.4796662,
              51.8946246
            ],
            [
              10.4797143,
              51.8946733
            ],
            [
              10.4799295,
              51.894891
            ],
            [
              10.4800477,
              51.8948465
            ],
            [
              10.4798325,
              51.8946288
            ],
            [
              10.479922,
              51.8945951
            ],
            [
              10.4798722,
              51.8945447
            ],
            [
              10.4799298,
              51.894523
            ],
            [
              10.4800389,
              51.8946334
            ],
            [
              10.480155,
              51.8945896
            ],
            [
              10.4801164,
              51.8945506
            ],
            [
              10.4799537,
              51.8943859
            ],
            [
              10.4797799,
              51.8944513
            ],
            [
              10.4795607,
              51.8945383
            ]
          ]
        ]
      },
      "properties": {
        "key": "osm-way-972894237",
        "name": "Flösser Stube",
        "city": "Goslar",
        "street": "Talstraße 30",
        "zip": "38642",
        "category": 14,
        "lat": 51.8945606646,
        "lng": 10.479744635849999,
        "pin_method": "INTERIOR_MAX_CLEARANCE_GRID",
        "original_poi": null,
        "pin_shift_m": 0,
        "source_url": "https://www.openstreetmap.org/way/972894237",
        "source_version": 1,
        "source_timestamp": "2021-08-13T14:54:26Z",
        "building_source_url": "https://www.openstreetmap.org/way/972894237",
        "building_version": 1,
        "building_timestamp": "2021-08-13T14:54:26Z",
        "address_fields_from_building": [],
        "website_original": null,
        "website": null,
        "polygon_status": "CONTAINING_BUILDING_NOT_TENANCY_VERIFIED",
        "status": "OSM_SOURCED_NOT_OPERATOR_VERIFIED",
        "chat_radius_km": 0.0056,
        "boundary_clearance_m": 8.92689452888573,
        "boundary_margin_m": 3.3,
        "radius_status": "CIRCLE_INSIDE_OSM_BUILDING_NOT_GPS_GUARANTEE",
        "view_km": 32.0
      }
    },
    {
      "type": "Feature",
      "geometry": {
        "type": "Polygon",
        "coordinates": [
          [
            [
              10.4928662,
              52.3098741
            ],
            [
              10.4929074,
              52.3099377
            ],
            [
              10.492924,
              52.3099634
            ],
            [
              10.4931817,
              52.3099012
            ],
            [
              10.4932075,
              52.3099411
            ],
            [
              10.4932753,
              52.3099248
            ],
            [
              10.4932327,
              52.309859
            ],
            [
              10.4934988,
              52.3097947
            ],
            [
              10.4934577,
              52.3097311
            ],
            [
              10.4929775,
              52.3098472
            ],
            [
              10.4928662,
              52.3098741
            ]
          ]
        ]
      },
      "properties": {
        "key": "osm-way-176974326",
        "name": "Restaurant Pfälzer Hof (15)",
        "city": "Braunschweig",
        "street": "Ernst-Böhme-Straße 15",
        "zip": "38112",
        "category": 14,
        "lat": 52.30988883169999,
        "lng": 10.493018972900002,
        "pin_method": "INTERIOR_MAX_CLEARANCE_GRID",
        "original_poi": null,
        "pin_shift_m": 0,
        "source_url": "https://www.openstreetmap.org/way/176974326",
        "source_version": 6,
        "source_timestamp": "2022-09-26T06:33:58Z",
        "building_source_url": "https://www.openstreetmap.org/way/176974326",
        "building_version": 6,
        "building_timestamp": "2022-09-26T06:33:58Z",
        "address_fields_from_building": [],
        "website_original": null,
        "website": null,
        "polygon_status": "CONTAINING_BUILDING_NOT_TENANCY_VERIFIED",
        "status": "OSM_SOURCED_NOT_OPERATOR_VERIFIED",
        "chat_radius_km": 0.002,
        "boundary_clearance_m": 5.347500932786703,
        "boundary_margin_m": 3.3,
        "radius_status": "CIRCLE_INSIDE_OSM_BUILDING_NOT_GPS_GUARANTEE",
        "view_km": 32.0
      }
    },
    {
      "type": "Feature",
      "geometry": {
        "type": "Polygon",
        "coordinates": [
          [
            [
              9.7336355,
              52.3722111
            ],
            [
              9.7337912,
              52.3722611
            ],
            [
              9.7336699,
              52.3724001
            ],
            [
              9.7335851,
              52.3723729
            ],
            [
              9.7335119,
              52.3723563
            ],
            [
              9.733591,
              52.3722651
            ],
            [
              9.7336355,
              52.3722111
            ]
          ]
        ]
      },
      "properties": {
        "key": "osm-node-322834673",
        "name": "Enchilada",
        "city": "Hannover",
        "street": "Knochenhauerstraße 36",
        "zip": "30159",
        "category": 14,
        "lat": 52.372324688999996,
        "lng": 9.73363744535,
        "pin_method": "INTERIOR_MAX_CLEARANCE_GRID",
        "original_poi": [
          9.7336972,
          52.3723
        ],
        "pin_shift_m": 4.903738066086727,
        "source_url": "https://www.openstreetmap.org/node/322834673",
        "source_version": 14,
        "source_timestamp": "2025-08-24T07:00:27Z",
        "building_source_url": "https://www.openstreetmap.org/way/186605161",
        "building_version": 8,
        "building_timestamp": "2024-06-28T10:25:34Z",
        "address_fields_from_building": [],
        "website_original": "https://hannover.enchilada.de/",
        "website": "https://hannover.enchilada.de/",
        "polygon_status": "CONTAINING_BUILDING_NOT_TENANCY_VERIFIED",
        "status": "OSM_SOURCED_NOT_OPERATOR_VERIFIED",
        "chat_radius_km": 0.0025,
        "boundary_clearance_m": 5.893872450772919,
        "boundary_margin_m": 3.3,
        "radius_status": "CIRCLE_INSIDE_OSM_BUILDING_NOT_GPS_GUARANTEE",
        "view_km": 32.0
      }
    },
    {
      "type": "Feature",
      "geometry": {
        "type": "Polygon",
        "coordinates": [
          [
            [
              10.6091952,
              51.9526168
            ],
            [
              10.6092365,
              51.9525439
            ],
            [
              10.6091893,
              51.9525338
            ],
            [
              10.6091957,
              51.9525225
            ],
            [
              10.6091337,
              51.9525091
            ],
            [
              10.6091059,
              51.9525583
            ],
            [
              10.6090771,
              51.9525521
            ],
            [
              10.6089939,
              51.952699
            ],
            [
              10.6094645,
              51.9528002
            ],
            [
              10.6095278,
              51.9526883
            ],
            [
              10.6091952,
              51.9526168
            ]
          ]
        ]
      },
      "properties": {
        "key": "osm-way-156783634",
        "name": "Gasthaus Weißes Roß",
        "city": "Goslar",
        "street": "Osterwiecker Straße 105",
        "zip": "38690",
        "category": 14,
        "lat": 51.952695840649994,
        "lng": 10.609270994100001,
        "pin_method": "INTERIOR_MAX_CLEARANCE_GRID",
        "original_poi": null,
        "pin_shift_m": 0,
        "source_url": "https://www.openstreetmap.org/way/156783634",
        "source_version": 7,
        "source_timestamp": "2023-01-10T08:13:59Z",
        "building_source_url": "https://www.openstreetmap.org/way/156783634",
        "building_version": 7,
        "building_timestamp": "2023-01-10T08:13:59Z",
        "address_fields_from_building": [],
        "website_original": null,
        "website": null,
        "polygon_status": "CONTAINING_BUILDING_NOT_TENANCY_VERIFIED",
        "status": "OSM_SOURCED_NOT_OPERATOR_VERIFIED",
        "chat_radius_km": 0.0032,
        "boundary_clearance_m": 6.595055454247803,
        "boundary_margin_m": 3.3,
        "radius_status": "CIRCLE_INSIDE_OSM_BUILDING_NOT_GPS_GUARANTEE",
        "view_km": 32.0
      }
    },
    {
      "type": "Feature",
      "geometry": {
        "type": "Polygon",
        "coordinates": [
          [
            [
              10.5607373,
              52.2623387
            ],
            [
              10.5607338,
              52.262264
            ],
            [
              10.5604467,
              52.262269
            ],
            [
              10.5604485,
              52.2623081
            ],
            [
              10.5604245,
              52.2623085
            ],
            [
              10.5604281,
              52.2623849
            ],
            [
              10.5604697,
              52.2623842
            ],
            [
              10.5604757,
              52.2625124
            ],
            [
              10.560567,
              52.2625108
            ],
            [
              10.560561,
              52.2623826
            ],
            [
              10.560605,
              52.2623818
            ],
            [
              10.5606031,
              52.262341
            ],
            [
              10.5607373,
              52.2623387
            ]
          ]
        ]
      },
      "properties": {
        "key": "osm-way-146059203",
        "name": "Vereinsgaststätte Kleingärtnerverein Mückenburg",
        "city": "Braunschweig",
        "street": "Georg-Westermann-Allee 45",
        "zip": "38104",
        "category": 14,
        "lat": 52.2623376506,
        "lng": 10.56051834,
        "pin_method": "INTERIOR_MAX_CLEARANCE_GRID",
        "original_poi": null,
        "pin_shift_m": 0,
        "source_url": "https://www.openstreetmap.org/way/146059203",
        "source_version": 3,
        "source_timestamp": "2024-11-21T07:11:49Z",
        "building_source_url": "https://www.openstreetmap.org/way/146059203",
        "building_version": 3,
        "building_timestamp": "2024-11-21T07:11:49Z",
        "address_fields_from_building": [],
        "website_original": null,
        "website": null,
        "polygon_status": "CONTAINING_BUILDING_NOT_TENANCY_VERIFIED",
        "status": "OSM_SOURCED_NOT_OPERATOR_VERIFIED",
        "chat_radius_km": 0.0024,
        "boundary_clearance_m": 5.784789617982629,
        "boundary_margin_m": 3.3,
        "radius_status": "CIRCLE_INSIDE_OSM_BUILDING_NOT_GPS_GUARANTEE",
        "view_km": 32.0
      }
    },
    {
      "type": "Feature",
      "geometry": {
        "type": "Polygon",
        "coordinates": [
          [
            [
              9.7364929,
              52.3723509
            ],
            [
              9.7363232,
              52.3722372
            ],
            [
              9.7364027,
              52.372193
            ],
            [
              9.7364523,
              52.3721655
            ],
            [
              9.7366239,
              52.3722777
            ],
            [
              9.7365745,
              52.3723048
            ],
            [
              9.7364929,
              52.3723509
            ]
          ]
        ]
      },
      "properties": {
        "key": "osm-node-7434993113",
        "name": "Forum im [ka:punkt]",
        "city": "Hannover",
        "street": "Grupenstraße 8",
        "zip": "30159",
        "category": 5,
        "lat": 52.37225903430001,
        "lng": 9.73647490315,
        "pin_method": "INTERIOR_MAX_CLEARANCE_GRID",
        "original_poi": [
          9.7364872,
          52.3722864
        ],
        "pin_shift_m": 3.1589101666528574,
        "source_url": "https://www.openstreetmap.org/node/7434993113",
        "source_version": 5,
        "source_timestamp": "2026-07-24T10:29:39Z",
        "building_source_url": "https://www.openstreetmap.org/way/553133376",
        "building_version": 5,
        "building_timestamp": "2024-06-27T13:55:36Z",
        "address_fields_from_building": [
          "addr:city",
          "addr:street",
          "addr:housenumber",
          "addr:postcode"
        ],
        "website_original": "https://www.ka-punkt.de/",
        "website": "https://www.ka-punkt.de/",
        "polygon_status": "CONTAINING_BUILDING_NOT_TENANCY_VERIFIED",
        "status": "OSM_SOURCED_NOT_OPERATOR_VERIFIED",
        "chat_radius_km": 0.0026,
        "boundary_clearance_m": 5.983338701221683,
        "boundary_margin_m": 3.3,
        "radius_status": "CIRCLE_INSIDE_OSM_BUILDING_NOT_GPS_GUARANTEE",
        "view_km": 32.0
      }
    },
    {
      "type": "Feature",
      "geometry": {
        "type": "Polygon",
        "coordinates": [
          [
            [
              10.4811423,
              51.9024492
            ],
            [
              10.4813058,
              51.9024809
            ],
            [
              10.4813151,
              51.9024651
            ],
            [
              10.4813429,
              51.9024721
            ],
            [
              10.4814575,
              51.9025011
            ],
            [
              10.4814343,
              51.9025556
            ],
            [
              10.4814111,
              51.90261
            ],
            [
              10.481385,
              51.9026022
            ],
            [
              10.4813465,
              51.9026431
            ],
            [
              10.4812387,
              51.9026031
            ],
            [
              10.4812834,
              51.9025604
            ],
            [
              10.4810969,
              51.9025214
            ],
            [
              10.4811423,
              51.9024492
            ]
          ]
        ]
      },
      "properties": {
        "key": "osm-way-794576292",
        "name": "Grillhaus Istanbul",
        "city": "Goslar",
        "street": "Bahnhofstraße 25",
        "zip": "38642",
        "category": 14,
        "lat": 51.9025323831,
        "lng": 10.4813558108,
        "pin_method": "INTERIOR_MAX_CLEARANCE_GRID",
        "original_poi": null,
        "pin_shift_m": 0,
        "source_url": "https://www.openstreetmap.org/way/794576292",
        "source_version": 4,
        "source_timestamp": "2026-05-17T20:07:26Z",
        "building_source_url": "https://www.openstreetmap.org/way/794576292",
        "building_version": 4,
        "building_timestamp": "2026-05-17T20:07:26Z",
        "address_fields_from_building": [],
        "website_original": null,
        "website": null,
        "polygon_status": "CONTAINING_BUILDING_NOT_TENANCY_VERIFIED",
        "status": "OSM_SOURCED_NOT_OPERATOR_VERIFIED",
        "chat_radius_km": 0.0025,
        "boundary_clearance_m": 5.870512221310784,
        "boundary_margin_m": 3.3,
        "radius_status": "CIRCLE_INSIDE_OSM_BUILDING_NOT_GPS_GUARANTEE",
        "view_km": 32.0
      }
    },
    {
      "type": "Feature",
      "geometry": {
        "type": "Polygon",
        "coordinates": [
          [
            [
              10.4760808,
              52.211678
            ],
            [
              10.4762466,
              52.211733
            ],
            [
              10.4763274,
              52.2116425
            ],
            [
              10.4761572,
              52.2115855
            ],
            [
              10.4761264,
              52.2116227
            ],
            [
              10.4760808,
              52.211678
            ]
          ]
        ]
      },
      "properties": {
        "key": "osm-way-77356173",
        "name": "Waldschänke",
        "city": "Braunschweig",
        "street": "Rüningenstraße 20",
        "zip": "38122",
        "category": 14,
        "lat": 52.21165814374999,
        "lng": 10.476198181600001,
        "pin_method": "INTERIOR_MAX_CLEARANCE_GRID",
        "original_poi": null,
        "pin_shift_m": 0,
        "source_url": "https://www.openstreetmap.org/way/77356173",
        "source_version": 4,
        "source_timestamp": "2026-04-23T21:43:38Z",
        "building_source_url": "https://www.openstreetmap.org/way/77356173",
        "building_version": 4,
        "building_timestamp": "2026-04-23T21:43:38Z",
        "address_fields_from_building": [],
        "website_original": null,
        "website": null,
        "polygon_status": "CONTAINING_BUILDING_NOT_TENANCY_VERIFIED",
        "status": "OSM_SOURCED_NOT_OPERATOR_VERIFIED",
        "chat_radius_km": 0.0024,
        "boundary_clearance_m": 5.755330724795588,
        "boundary_margin_m": 3.3,
        "radius_status": "CIRCLE_INSIDE_OSM_BUILDING_NOT_GPS_GUARANTEE",
        "view_km": 32.0
      }
    },
    {
      "type": "Feature",
      "geometry": {
        "type": "Polygon",
        "coordinates": [
          [
            [
              9.7227199,
              52.384974
            ],
            [
              9.7226428,
              52.3849605
            ],
            [
              9.7226664,
              52.3849112
            ],
            [
              9.7225606,
              52.3848928
            ],
            [
              9.7225492,
              52.3849442
            ],
            [
              9.722528,
              52.3850401
            ],
            [
              9.7225468,
              52.3850435
            ],
            [
              9.7225657,
              52.3850468
            ],
            [
              9.7226034,
              52.3850535
            ],
            [
              9.7226789,
              52.3850668
            ],
            [
              9.7227199,
              52.384974
            ]
          ]
        ]
      },
      "properties": {
        "key": "osm-way-371660116",
        "name": "HONEY'S",
        "city": "Hannover",
        "street": "Asternstraße 15",
        "zip": "30167",
        "category": 14,
        "lat": 52.38500581299999,
        "lng": 9.7226166578,
        "pin_method": "INTERIOR_MAX_CLEARANCE_GRID",
        "original_poi": null,
        "pin_shift_m": 0,
        "source_url": "https://www.openstreetmap.org/way/371660116",
        "source_version": 12,
        "source_timestamp": "2024-08-02T11:52:13Z",
        "building_source_url": "https://www.openstreetmap.org/way/371660116",
        "building_version": 12,
        "building_timestamp": "2024-08-02T11:52:13Z",
        "address_fields_from_building": [],
        "website_original": "https://app.honeys-hannover.de/?env=240",
        "website": "https://app.honeys-hannover.de/?env=240",
        "polygon_status": "CONTAINING_BUILDING_NOT_TENANCY_VERIFIED",
        "status": "OSM_SOURCED_NOT_OPERATOR_VERIFIED",
        "chat_radius_km": 0.002,
        "boundary_clearance_m": 5.34783472393074,
        "boundary_margin_m": 3.3,
        "radius_status": "CIRCLE_INSIDE_OSM_BUILDING_NOT_GPS_GUARANTEE",
        "view_km": 32.0
      }
    },
    {
      "type": "Feature",
      "geometry": {
        "type": "Polygon",
        "coordinates": [
          [
            [
              10.5487867,
              51.9534086
            ],
            [
              10.5487382,
              51.9533089
            ],
            [
              10.5491415,
              51.9532342
            ],
            [
              10.5491901,
              51.9533339
            ],
            [
              10.5487867,
              51.9534086
            ]
          ]
        ]
      },
      "properties": {
        "key": "osm-way-308431627",
        "name": "Maharaja Palast",
        "city": "Goslar",
        "street": "Goslarer Straße 78",
        "zip": "38690",
        "category": 14,
        "lat": 51.9533213128,
        "lng": 10.5489646019,
        "pin_method": "INTERIOR_MAX_CLEARANCE_GRID",
        "original_poi": null,
        "pin_shift_m": 0,
        "source_url": "https://www.openstreetmap.org/way/308431627",
        "source_version": 5,
        "source_timestamp": "2026-02-01T21:14:11Z",
        "building_source_url": "https://www.openstreetmap.org/way/308431627",
        "building_version": 5,
        "building_timestamp": "2026-02-01T21:14:11Z",
        "address_fields_from_building": [],
        "website_original": null,
        "website": null,
        "polygon_status": "CONTAINING_BUILDING_NOT_TENANCY_VERIFIED",
        "status": "OSM_SOURCED_NOT_OPERATOR_VERIFIED",
        "chat_radius_km": 0.0024,
        "boundary_clearance_m": 5.793707034204694,
        "boundary_margin_m": 3.3,
        "radius_status": "CIRCLE_INSIDE_OSM_BUILDING_NOT_GPS_GUARANTEE",
        "view_km": 32.0
      }
    },
    {
      "type": "Feature",
      "geometry": {
        "type": "Polygon",
        "coordinates": [
          [
            [
              10.4779977,
              52.2373086
            ],
            [
              10.4782143,
              52.2372755
            ],
            [
              10.4782073,
              52.2372479
            ],
            [
              10.4782024,
              52.2372479
            ],
            [
              10.4782149,
              52.2370851
            ],
            [
              10.4780657,
              52.2370899
            ],
            [
              10.4781042,
              52.2371842
            ],
            [
              10.4779562,
              52.2372069
            ],
            [
              10.4779977,
              52.2373086
            ]
          ]
        ]
      },
      "properties": {
        "key": "osm-way-154244835",
        "name": "Weng",
        "city": "Braunschweig",
        "street": "Steinbrink 28",
        "zip": "38122",
        "category": 14,
        "lat": 52.237239203250006,
        "lng": 10.47809809695,
        "pin_method": "INTERIOR_MAX_CLEARANCE_GRID",
        "original_poi": null,
        "pin_shift_m": 0,
        "source_url": "https://www.openstreetmap.org/way/154244835",
        "source_version": 9,
        "source_timestamp": "2026-04-03T18:49:49Z",
        "building_source_url": "https://www.openstreetmap.org/way/154244835",
        "building_version": 9,
        "building_timestamp": "2026-04-03T18:49:49Z",
        "address_fields_from_building": [],
        "website_original": null,
        "website": null,
        "polygon_status": "CONTAINING_BUILDING_NOT_TENANCY_VERIFIED",
        "status": "OSM_SOURCED_NOT_OPERATOR_VERIFIED",
        "chat_radius_km": 0.0025,
        "boundary_clearance_m": 5.838312403353802,
        "boundary_margin_m": 3.3,
        "radius_status": "CIRCLE_INSIDE_OSM_BUILDING_NOT_GPS_GUARANTEE",
        "view_km": 32.0
      }
    },
    {
      "type": "Feature",
      "geometry": {
        "type": "Polygon",
        "coordinates": [
          [
            [
              9.8536264,
              52.389755
            ],
            [
              9.853863,
              52.3897275
            ],
            [
              9.8538663,
              52.3897384
            ],
            [
              9.8538784,
              52.3897775
            ],
            [
              9.8539026,
              52.3898554
            ],
            [
              9.8537423,
              52.389874
            ],
            [
              9.8537399,
              52.3898662
            ],
            [
              9.8537333,
              52.3898449
            ],
            [
              9.853643,
              52.3898553
            ],
            [
              9.8535528,
              52.3898658
            ],
            [
              9.8534549,
              52.3898772
            ],
            [
              9.8534255,
              52.3897825
            ],
            [
              9.8534203,
              52.3897655
            ],
            [
              9.8534175,
              52.3897564
            ],
            [
              9.8534147,
              52.3897474
            ],
            [
              9.8534987,
              52.3897378
            ],
            [
              9.8535452,
              52.3897325
            ],
            [
              9.8535507,
              52.3897506
            ],
            [
              9.8536074,
              52.3897441
            ],
            [
              9.8536225,
              52.3897424
            ],
            [
              9.8536264,
              52.389755
            ]
          ]
        ]
      },
      "properties": {
        "key": "osm-node-717810387",
        "name": "Heiser",
        "city": "Hannover",
        "street": "Hannoversche Straße 7",
        "zip": "30629",
        "category": 5,
        "lat": 52.389808338,
        "lng": 9.853531796,
        "pin_method": "INTERIOR_MAX_CLEARANCE_GRID",
        "original_poi": [
          9.8534484,
          52.3897854
        ],
        "pin_shift_m": 6.214506321476718,
        "source_url": "https://www.openstreetmap.org/node/717810387",
        "source_version": 14,
        "source_timestamp": "2024-07-23T18:09:54Z",
        "building_source_url": "https://www.openstreetmap.org/way/190451513",
        "building_version": 6,
        "building_timestamp": "2024-10-08T15:27:20Z",
        "address_fields_from_building": [],
        "website_original": "https://www.baeckerei-heiser.de/",
        "website": "https://www.baeckerei-heiser.de/",
        "polygon_status": "CONTAINING_BUILDING_NOT_TENANCY_VERIFIED",
        "status": "OSM_SOURCED_NOT_OPERATOR_VERIFIED",
        "chat_radius_km": 0.0032,
        "boundary_clearance_m": 6.550759628161114,
        "boundary_margin_m": 3.3,
        "radius_status": "CIRCLE_INSIDE_OSM_BUILDING_NOT_GPS_GUARANTEE",
        "view_km": 32.0
      }
    },
    {
      "type": "Feature",
      "geometry": {
        "type": "Polygon",
        "coordinates": [
          [
            [
              10.4822958,
              51.901098
            ],
            [
              10.4822634,
              51.9011888
            ],
            [
              10.4822374,
              51.9012616
            ],
            [
              10.4824019,
              51.9012839
            ],
            [
              10.4824044,
              51.9012769
            ],
            [
              10.4824253,
              51.9012798
            ],
            [
              10.4824484,
              51.9012153
            ],
            [
              10.4824274,
              51.9012124
            ],
            [
              10.4824421,
              51.9011712
            ],
            [
              10.4825388,
              51.9011844
            ],
            [
              10.482557,
              51.9011335
            ],
            [
              10.4822958,
              51.901098
            ]
          ]
        ]
      },
      "properties": {
        "key": "osm-way-793625945",
        "name": "Schnellrestaurant Öz-Tat",
        "city": "Goslar",
        "street": "Bahnhofstraße 18",
        "zip": "38642",
        "category": 14,
        "lat": 51.9011857448,
        "lng": 10.482350698200001,
        "pin_method": "INTERIOR_MAX_CLEARANCE_GRID",
        "original_poi": null,
        "pin_shift_m": 0,
        "source_url": "https://www.openstreetmap.org/way/793625945",
        "source_version": 5,
        "source_timestamp": "2026-03-22T16:02:21Z",
        "building_source_url": "https://www.openstreetmap.org/way/793625945",
        "building_version": 5,
        "building_timestamp": "2026-03-22T16:02:21Z",
        "address_fields_from_building": [],
        "website_original": null,
        "website": null,
        "polygon_status": "CONTAINING_BUILDING_NOT_TENANCY_VERIFIED",
        "status": "OSM_SOURCED_NOT_OPERATOR_VERIFIED",
        "chat_radius_km": 0.0024,
        "boundary_clearance_m": 5.782835120037157,
        "boundary_margin_m": 3.3,
        "radius_status": "CIRCLE_INSIDE_OSM_BUILDING_NOT_GPS_GUARANTEE",
        "view_km": 32.0
      }
    },
    {
      "type": "Feature",
      "geometry": {
        "type": "Polygon",
        "coordinates": [
          [
            [
              10.4788509,
              52.2400165
            ],
            [
              10.4788509,
              52.2401014
            ],
            [
              10.4789883,
              52.2401014
            ],
            [
              10.4789883,
              52.2402502
            ],
            [
              10.4791372,
              52.2402502
            ],
            [
              10.4791372,
              52.2401731
            ],
            [
              10.4792589,
              52.2401733
            ],
            [
              10.479257,
              52.2400151
            ],
            [
              10.4788509,
              52.2400165
            ]
          ]
        ]
      },
      "properties": {
        "key": "osm-way-152166518",
        "name": "ZUM ROTHENBURG",
        "city": "Braunschweig",
        "street": "Lichtenberger Straße 53",
        "zip": "38120",
        "category": 14,
        "lat": 52.240094798899996,
        "lng": 10.479117528,
        "pin_method": "INTERIOR_MAX_CLEARANCE_GRID",
        "original_poi": null,
        "pin_shift_m": 0,
        "source_url": "https://www.openstreetmap.org/way/152166518",
        "source_version": 8,
        "source_timestamp": "2026-04-03T18:49:51Z",
        "building_source_url": "https://www.openstreetmap.org/way/152166518",
        "building_version": 8,
        "building_timestamp": "2026-04-03T18:49:51Z",
        "address_fields_from_building": [],
        "website_original": null,
        "website": null,
        "polygon_status": "CONTAINING_BUILDING_NOT_TENANCY_VERIFIED",
        "status": "OSM_SOURCED_NOT_OPERATOR_VERIFIED",
        "chat_radius_km": 0.0055,
        "boundary_clearance_m": 8.818416973438008,
        "boundary_margin_m": 3.3,
        "radius_status": "CIRCLE_INSIDE_OSM_BUILDING_NOT_GPS_GUARANTEE",
        "view_km": 32.0
      }
    },
    {
      "type": "Feature",
      "geometry": {
        "type": "Polygon",
        "coordinates": [
          [
            [
              9.7699005,
              52.3825085
            ],
            [
              9.7699738,
              52.3824143
            ],
            [
              9.77012,
              52.3824535
            ],
            [
              9.7700816,
              52.382501
            ],
            [
              9.7701633,
              52.3825247
            ],
            [
              9.7702601,
              52.3825527
            ],
            [
              9.7702819,
              52.382559
            ],
            [
              9.7703223,
              52.3825085
            ],
            [
              9.7703466,
              52.3825149
            ],
            [
              9.7705653,
              52.3825813
            ],
            [
              9.7706169,
              52.3825146
            ],
            [
              9.7705991,
              52.3825095
            ],
            [
              9.7704319,
              52.3824612
            ],
            [
              9.7703955,
              52.3824507
            ],
            [
              9.77037,
              52.3824433
            ],
            [
              9.7704513,
              52.3823401
            ],
            [
              9.7702514,
              52.382282
            ],
            [
              9.7701752,
              52.3823803
            ],
            [
              9.770151,
              52.3823764
            ],
            [
              9.7701738,
              52.3823427
            ],
            [
              9.7698342,
              52.3822515
            ],
            [
              9.7697984,
              52.3822965
            ],
            [
              9.7697545,
              52.3823514
            ],
            [
              9.7698,
              52.3823635
            ],
            [
              9.7697322,
              52.3824554
            ],
            [
              9.7699005,
              52.3825085
            ]
          ]
        ]
      },
      "properties": {
        "key": "osm-way-638421631",
        "name": "Hoflokal",
        "city": "Hannover",
        "street": "Adenauerallee 3",
        "zip": "30175",
        "category": 14,
        "lat": 52.3823517592,
        "lng": 9.769915775249999,
        "pin_method": "INTERIOR_MAX_CLEARANCE_GRID",
        "original_poi": null,
        "pin_shift_m": 0,
        "source_url": "https://www.openstreetmap.org/way/638421631",
        "source_version": 13,
        "source_timestamp": "2025-11-30T20:47:05Z",
        "building_source_url": "https://www.openstreetmap.org/way/638421631",
        "building_version": 13,
        "building_timestamp": "2025-11-30T20:47:05Z",
        "address_fields_from_building": [],
        "website_original": "https://www.hoflokal.de/",
        "website": "https://www.hoflokal.de/",
        "polygon_status": "CONTAINING_BUILDING_NOT_TENANCY_VERIFIED",
        "status": "OSM_SOURCED_NOT_OPERATOR_VERIFIED",
        "chat_radius_km": 0.0046,
        "boundary_clearance_m": 7.974589743533621,
        "boundary_margin_m": 3.3,
        "radius_status": "CIRCLE_INSIDE_OSM_BUILDING_NOT_GPS_GUARANTEE",
        "view_km": 32.0
      }
    },
    {
      "type": "Feature",
      "geometry": {
        "type": "Polygon",
        "coordinates": [
          [
            [
              9.7410419,
              52.3679543
            ],
            [
              9.7406268,
              52.367968
            ],
            [
              9.7406892,
              52.3678624
            ],
            [
              9.7410707,
              52.3678496
            ],
            [
              9.7410419,
              52.3679543
            ]
          ]
        ]
      },
      "properties": {
        "key": "osm-way-140867631",
        "name": "Ichiban",
        "city": "Hannover",
        "street": "Friedrichswall 10",
        "zip": "30159",
        "category": 14,
        "lat": 52.3679081488,
        "lng": 9.740870279149998,
        "pin_method": "INTERIOR_MAX_CLEARANCE_GRID",
        "original_poi": null,
        "pin_shift_m": 0,
        "source_url": "https://www.openstreetmap.org/way/140867631",
        "source_version": 18,
        "source_timestamp": "2026-06-06T18:18:54Z",
        "building_source_url": "https://www.openstreetmap.org/way/140867631",
        "building_version": 18,
        "building_timestamp": "2026-06-06T18:18:54Z",
        "address_fields_from_building": [],
        "website_original": "https://mrphung.de/ichiban-hannover/",
        "website": "https://mrphung.de/ichiban-hannover/",
        "polygon_status": "CONTAINING_BUILDING_NOT_TENANCY_VERIFIED",
        "status": "OSM_SOURCED_NOT_OPERATOR_VERIFIED",
        "chat_radius_km": 0.0024,
        "boundary_clearance_m": 5.759681377105066,
        "boundary_margin_m": 3.3,
        "radius_status": "CIRCLE_INSIDE_OSM_BUILDING_NOT_GPS_GUARANTEE",
        "view_km": 32.0
      }
    },
    {
      "type": "Feature",
      "geometry": {
        "type": "Polygon",
        "coordinates": [
          [
            [
              9.8534136,
              52.3900999
            ],
            [
              9.8533321,
              52.3901325
            ],
            [
              9.8532438,
              52.3901679
            ],
            [
              9.8532927,
              52.3902134
            ],
            [
              9.853381,
              52.390178
            ],
            [
              9.8533972,
              52.390193
            ],
            [
              9.8532991,
              52.3902323
            ],
            [
              9.8532485,
              52.3902525
            ],
            [
              9.8533574,
              52.3903539
            ],
            [
              9.853408,
              52.3903336
            ],
            [
              9.8535875,
              52.3902618
            ],
            [
              9.8535289,
              52.3902073
            ],
            [
              9.8534786,
              52.3901604
            ],
            [
              9.8534136,
              52.3900999
            ]
          ]
        ]
      },
      "properties": {
        "key": "osm-node-2389802411",
        "name": "Ischia",
        "city": "Hannover",
        "street": "Hannoversche Straße 2",
        "zip": "30629",
        "category": 14,
        "lat": 52.390265381,
        "lng": 9.8533974339,
        "pin_method": "INTERIOR_MAX_CLEARANCE_GRID",
        "original_poi": [
          9.8534822,
          52.3902442
        ],
        "pin_shift_m": 6.222715692720173,
        "source_url": "https://www.openstreetmap.org/node/2389802411",
        "source_version": 6,
        "source_timestamp": "2024-08-20T07:30:58Z",
        "building_source_url": "https://www.openstreetmap.org/way/153361799",
        "building_version": 7,
        "building_timestamp": "2025-08-17T11:06:12Z",
        "address_fields_from_building": [],
        "website_original": "https://www.restaurant-ischia-misburg.de/",
        "website": "https://www.restaurant-ischia-misburg.de/",
        "polygon_status": "CONTAINING_BUILDING_NOT_TENANCY_VERIFIED",
        "status": "OSM_SOURCED_NOT_OPERATOR_VERIFIED",
        "chat_radius_km": 0.0034,
        "boundary_clearance_m": 6.744551819532804,
        "boundary_margin_m": 3.3,
        "radius_status": "CIRCLE_INSIDE_OSM_BUILDING_NOT_GPS_GUARANTEE",
        "view_km": 32.0
      }
    },
    {
      "type": "Feature",
      "geometry": {
        "type": "Polygon",
        "coordinates": [
          [
            [
              9.7433283,
              52.3899669
            ],
            [
              9.7432127,
              52.3899954
            ],
            [
              9.7431941,
              52.3899731
            ],
            [
              9.7431997,
              52.389952
            ],
            [
              9.7432254,
              52.3899436
            ],
            [
              9.7432529,
              52.3899491
            ],
            [
              9.743268,
              52.3899457
            ],
            [
              9.7432088,
              52.3898618
            ],
            [
              9.7431927,
              52.3898665
            ],
            [
              9.7431846,
              52.3898811
            ],
            [
              9.743155,
              52.3898892
            ],
            [
              9.7431351,
              52.3898828
            ],
            [
              9.7431137,
              52.3898508
            ],
            [
              9.7432042,
              52.389826
            ],
            [
              9.7433432,
              52.3897872
            ],
            [
              9.7433632,
              52.3898153
            ],
            [
              9.7433939,
              52.3898584
            ],
            [
              9.7434234,
              52.3899005
            ],
            [
              9.7434475,
              52.3899351
            ],
            [
              9.7433283,
              52.3899669
            ]
          ]
        ]
      },
      "properties": {
        "key": "osm-node-2485180726",
        "name": "KAFFEE KANN ICH",
        "city": "Hannover",
        "street": "Voßstraße 41",
        "zip": "30161",
        "category": 5,
        "lat": 52.389900773099995,
        "lng": 9.7433300024,
        "pin_method": "INTERIOR_MAX_CLEARANCE_GRID",
        "original_poi": [
          9.7433982,
          52.3899066
        ],
        "pin_shift_m": 4.678319262978961,
        "source_url": "https://www.openstreetmap.org/node/2485180726",
        "source_version": 11,
        "source_timestamp": "2026-05-14T15:53:55Z",
        "building_source_url": "https://www.openstreetmap.org/way/1376728404",
        "building_version": 3,
        "building_timestamp": "2025-08-05T10:04:00Z",
        "address_fields_from_building": [],
        "website_original": "http://www.kaffee-kann-ich.de/",
        "website": "http://www.kaffee-kann-ich.de/",
        "polygon_status": "CONTAINING_BUILDING_NOT_TENANCY_VERIFIED",
        "status": "OSM_SOURCED_NOT_OPERATOR_VERIFIED",
        "chat_radius_km": 0.0025,
        "boundary_clearance_m": 5.846038853540491,
        "boundary_margin_m": 3.3,
        "radius_status": "CIRCLE_INSIDE_OSM_BUILDING_NOT_GPS_GUARANTEE",
        "view_km": 32.0
      }
    },
    {
      "type": "Feature",
      "geometry": {
        "type": "Polygon",
        "coordinates": [
          [
            [
              9.7178136,
              52.3669297
            ],
            [
              9.7178057,
              52.3669466
            ],
            [
              9.7176848,
              52.3669245
            ],
            [
              9.7176361,
              52.3670235
            ],
            [
              9.7179121,
              52.367074
            ],
            [
              9.717989,
              52.3669301
            ],
            [
              9.7178136,
              52.3669297
            ]
          ]
        ]
      },
      "properties": {
        "key": "osm-node-1482020070",
        "name": "Konditorei Mönikes",
        "city": "Hannover",
        "street": "Falkenstraße 13",
        "zip": "30449",
        "category": 5,
        "lat": 52.367000147,
        "lng": 9.71784872225,
        "pin_method": "INTERIOR_MAX_CLEARANCE_GRID",
        "original_poi": [
          9.7178922,
          52.3670364
        ],
        "pin_shift_m": 5.002038269819991,
        "source_url": "https://www.openstreetmap.org/node/1482020070",
        "source_version": 6,
        "source_timestamp": "2024-08-01T06:15:45Z",
        "building_source_url": "https://www.openstreetmap.org/way/187005789",
        "building_version": 3,
        "building_timestamp": "2024-08-08T12:46:51Z",
        "address_fields_from_building": [],
        "website_original": "https://www.hannovers-tortenkoenig.de/",
        "website": "https://www.hannovers-tortenkoenig.de/",
        "polygon_status": "CONTAINING_BUILDING_NOT_TENANCY_VERIFIED",
        "status": "OSM_SOURCED_NOT_OPERATOR_VERIFIED",
        "chat_radius_km": 0.0033,
        "boundary_clearance_m": 6.638761690957298,
        "boundary_margin_m": 3.3,
        "radius_status": "CIRCLE_INSIDE_OSM_BUILDING_NOT_GPS_GUARANTEE",
        "view_km": 32.0
      }
    },
    {
      "type": "Feature",
      "geometry": {
        "type": "Polygon",
        "coordinates": [
          [
            [
              9.7140236,
              52.3674273
            ],
            [
              9.7139388,
              52.367433
            ],
            [
              9.7139784,
              52.3673225
            ],
            [
              9.7140053,
              52.3673261
            ],
            [
              9.7140137,
              52.367296
            ],
            [
              9.7141253,
              52.3673101
            ],
            [
              9.7141318,
              52.3672875
            ],
            [
              9.714209,
              52.3672989
            ],
            [
              9.7141675,
              52.3674194
            ],
            [
              9.7140815,
              52.3674227
            ],
            [
              9.7140333,
              52.3674163
            ],
            [
              9.7140236,
              52.3674273
            ]
          ]
        ]
      },
      "properties": {
        "key": "osm-node-3305902586",
        "name": "MarktCafè",
        "city": "Hannover",
        "street": "Lindener Marktplatz 5",
        "zip": "30449",
        "category": 5,
        "lat": 52.367363232749994,
        "lng": 9.714078898699999,
        "pin_method": "INTERIOR_MAX_CLEARANCE_GRID",
        "original_poi": [
          9.7141673,
          52.3673795
        ],
        "pin_shift_m": 6.275716865031316,
        "source_url": "https://www.openstreetmap.org/node/3305902586",
        "source_version": 7,
        "source_timestamp": "2024-07-17T13:52:50Z",
        "building_source_url": "https://www.openstreetmap.org/way/229832029",
        "building_version": 5,
        "building_timestamp": "2023-07-24T17:28:19Z",
        "address_fields_from_building": [],
        "website_original": "https://www.marktcafe-hannover.de",
        "website": "https://www.marktcafe-hannover.de",
        "polygon_status": "CONTAINING_BUILDING_NOT_TENANCY_VERIFIED",
        "status": "OSM_SOURCED_NOT_OPERATOR_VERIFIED",
        "chat_radius_km": 0.0031,
        "boundary_clearance_m": 6.4311215274122215,
        "boundary_margin_m": 3.3,
        "radius_status": "CIRCLE_INSIDE_OSM_BUILDING_NOT_GPS_GUARANTEE",
        "view_km": 32.0
      }
    },
    {
      "type": "Feature",
      "geometry": {
        "type": "Polygon",
        "coordinates": [
          [
            [
              9.7039449,
              52.3756552
            ],
            [
              9.7039873,
              52.3756449
            ],
            [
              9.7040177,
              52.3756504
            ],
            [
              9.7039829,
              52.3757284
            ],
            [
              9.7041021,
              52.3757493
            ],
            [
              9.7041891,
              52.3755621
            ],
            [
              9.7040923,
              52.3755173
            ],
            [
              9.7038915,
              52.3755729
            ],
            [
              9.7039449,
              52.3756552
            ]
          ]
        ]
      },
      "properties": {
        "key": "osm-node-380880718",
        "name": "Menagerie",
        "city": "Hannover",
        "street": "Kötnerholzweg 47a",
        "zip": "30451",
        "category": 5,
        "lat": 52.375594208,
        "lng": 9.704066191199999,
        "pin_method": "INTERIOR_MAX_CLEARANCE_GRID",
        "original_poi": [
          9.7040909,
          52.3755455
        ],
        "pin_shift_m": 5.676234679435418,
        "source_url": "https://www.openstreetmap.org/node/380880718",
        "source_version": 13,
        "source_timestamp": "2025-08-29T09:48:18Z",
        "building_source_url": "https://www.openstreetmap.org/way/186636940",
        "building_version": 5,
        "building_timestamp": "2019-08-21T09:54:28Z",
        "address_fields_from_building": [],
        "website_original": "https://www.menagerie-hannover.de/",
        "website": "https://www.menagerie-hannover.de/",
        "polygon_status": "CONTAINING_BUILDING_NOT_TENANCY_VERIFIED",
        "status": "OSM_SOURCED_NOT_OPERATOR_VERIFIED",
        "chat_radius_km": 0.0037,
        "boundary_clearance_m": 7.060015568726949,
        "boundary_margin_m": 3.3,
        "radius_status": "CIRCLE_INSIDE_OSM_BUILDING_NOT_GPS_GUARANTEE",
        "view_km": 32.0
      }
    },
    {
      "type": "Feature",
      "geometry": {
        "type": "Polygon",
        "coordinates": [
          [
            [
              9.8006776,
              52.3827542
            ],
            [
              9.8014761,
              52.3816537
            ],
            [
              9.8020033,
              52.3817968
            ],
            [
              9.801836,
              52.3820276
            ],
            [
              9.8019997,
              52.3820721
            ],
            [
              9.8019606,
              52.382126
            ],
            [
              9.8018792,
              52.3822383
            ],
            [
              9.8019332,
              52.3822533
            ],
            [
              9.8019152,
              52.3822748
            ],
            [
              9.8019011,
              52.3822917
            ],
            [
              9.8018506,
              52.3822779
            ],
            [
              9.8017872,
              52.3823654
            ],
            [
              9.801366,
              52.3829463
            ],
            [
              9.8006776,
              52.3827542
            ]
          ]
        ]
      },
      "properties": {
        "key": "osm-way-38207713",
        "name": "Mensa/Zentralküche/Schule für Diätassistentinnen",
        "city": "Hannover",
        "street": "Carl-Neuberg-Straße 1",
        "zip": "30625",
        "category": 14,
        "lat": 52.3822793184,
        "lng": 9.801435900400001,
        "pin_method": "INTERIOR_MAX_CLEARANCE_GRID",
        "original_poi": null,
        "pin_shift_m": 0,
        "source_url": "https://www.openstreetmap.org/way/38207713",
        "source_version": 23,
        "source_timestamp": "2026-03-23T12:30:36Z",
        "building_source_url": "https://www.openstreetmap.org/way/38207713",
        "building_version": 23,
        "building_timestamp": "2026-03-23T12:30:36Z",
        "address_fields_from_building": [],
        "website_original": "https://www.mhh.de/mensa",
        "website": "https://www.mhh.de/mensa",
        "polygon_status": "CONTAINING_BUILDING_NOT_TENANCY_VERIFIED",
        "status": "OSM_SOURCED_NOT_OPERATOR_VERIFIED",
        "chat_radius_km": 0.0224,
        "boundary_clearance_m": 25.70464831493558,
        "boundary_margin_m": 3.3,
        "radius_status": "CIRCLE_INSIDE_OSM_BUILDING_NOT_GPS_GUARANTEE",
        "view_km": 32.0
      }
    },
    {
      "type": "Feature",
      "geometry": {
        "type": "Polygon",
        "coordinates": [
          [
            [
              9.7334425,
              52.3726862
            ],
            [
              9.7335179,
              52.3725594
            ],
            [
              9.733371,
              52.3725177
            ],
            [
              9.7332897,
              52.3726524
            ],
            [
              9.7334425,
              52.3726862
            ]
          ]
        ]
      },
      "properties": {
        "key": "osm-node-12567876305",
        "name": "My Way Altstadt Bar & Bistro",
        "city": "Hannover",
        "street": "Knochenhauerstraße 30",
        "zip": "30159",
        "category": 5,
        "lat": 52.372589986499996,
        "lng": 9.7334136126,
        "pin_method": "INTERIOR_MAX_CLEARANCE_GRID",
        "original_poi": [
          9.7334565,
          52.3726248
        ],
        "pin_shift_m": 4.849221962079261,
        "source_url": "https://www.openstreetmap.org/node/12567876305",
        "source_version": 2,
        "source_timestamp": "2025-11-12T19:48:14Z",
        "building_source_url": "https://www.openstreetmap.org/way/1296935062",
        "building_version": 1,
        "building_timestamp": "2024-06-28T10:25:34Z",
        "address_fields_from_building": [],
        "website_original": "https://my-way-altstadt.eatbu.com",
        "website": "https://my-way-altstadt.eatbu.com",
        "polygon_status": "CONTAINING_BUILDING_NOT_TENANCY_VERIFIED",
        "status": "OSM_SOURCED_NOT_OPERATOR_VERIFIED",
        "chat_radius_km": 0.0021000000000000003,
        "boundary_clearance_m": 5.499804515909652,
        "boundary_margin_m": 3.3,
        "radius_status": "CIRCLE_INSIDE_OSM_BUILDING_NOT_GPS_GUARANTEE",
        "view_km": 32.0
      }
    },
    {
      "type": "Feature",
      "geometry": {
        "type": "Polygon",
        "coordinates": [
          [
            [
              9.7402176,
              52.373288
            ],
            [
              9.7403231,
              52.3731704
            ],
            [
              9.740429,
              52.3730523
            ],
            [
              9.7405041,
              52.3730774
            ],
            [
              9.7406478,
              52.3731255
            ],
            [
              9.7408308,
              52.3729214
            ],
            [
              9.7410042,
              52.3729794
            ],
            [
              9.7410812,
              52.3730052
            ],
            [
              9.7410913,
              52.3730085
            ],
            [
              9.7412941,
              52.3730763
            ],
            [
              9.7413041,
              52.3730797
            ],
            [
              9.7413821,
              52.3731058
            ],
            [
              9.741551,
              52.3731622
            ],
            [
              9.7413657,
              52.3733687
            ],
            [
              9.7414789,
              52.3734066
            ],
            [
              9.7413948,
              52.3735003
            ],
            [
              9.7414229,
              52.3735096
            ],
            [
              9.7413939,
              52.3735419
            ],
            [
              9.7413641,
              52.373532
            ],
            [
              9.7412675,
              52.3736397
            ],
            [
              9.7412331,
              52.3736281
            ],
            [
              9.7411536,
              52.3736017
            ],
            [
              9.7409696,
              52.3738068
            ],
            [
              9.7408026,
              52.373751
            ],
            [
              9.7407245,
              52.3737249
            ],
            [
              9.7405026,
              52.3736507
            ],
            [
              9.7404211,
              52.3736235
            ],
            [
              9.7402556,
              52.3735681
            ],
            [
              9.7404402,
              52.3733624
            ],
            [
              9.7402946,
              52.3733138
            ],
            [
              9.7402572,
              52.3733013
            ],
            [
              9.7402176,
              52.373288
            ]
          ]
        ]
      },
      "properties": {
        "key": "osm-way-4816458",
        "name": "Opernhaus",
        "city": "Hannover",
        "street": "Opernplatz 1",
        "zip": "30159",
        "category": 12,
        "lat": 52.3733641,
        "lng": 9.7409029676,
        "pin_method": "INTERIOR_MAX_CLEARANCE_GRID",
        "original_poi": null,
        "pin_shift_m": 0,
        "source_url": "https://www.openstreetmap.org/way/4816458",
        "source_version": 42,
        "source_timestamp": "2025-02-03T04:00:38Z",
        "building_source_url": "https://www.openstreetmap.org/way/4816458",
        "building_version": 42,
        "building_timestamp": "2025-02-03T04:00:38Z",
        "address_fields_from_building": [],
        "website_original": "https://www.staatstheater-hannover.de/oper/",
        "website": "https://www.staatstheater-hannover.de/oper/",
        "polygon_status": "CONTAINING_BUILDING_NOT_TENANCY_VERIFIED",
        "status": "OSM_SOURCED_NOT_OPERATOR_VERIFIED",
        "chat_radius_km": 0.0281,
        "boundary_clearance_m": 31.45134480501154,
        "boundary_margin_m": 3.3,
        "radius_status": "CIRCLE_INSIDE_OSM_BUILDING_NOT_GPS_GUARANTEE",
        "view_km": 32.0
      }
    },
    {
      "type": "Feature",
      "geometry": {
        "type": "Polygon",
        "coordinates": [
          [
            [
              9.798688,
              52.4200516
            ],
            [
              9.7986671,
              52.4199677
            ],
            [
              9.7984406,
              52.4199888
            ],
            [
              9.7984838,
              52.4201617
            ],
            [
              9.7986402,
              52.4201471
            ],
            [
              9.798618,
              52.4200581
            ],
            [
              9.798688,
              52.4200516
            ]
          ]
        ]
      },
      "properties": {
        "key": "osm-way-208261639",
        "name": "Palios",
        "city": "Hannover",
        "street": "Kurze-Kamp-Straße 1",
        "zip": "30659",
        "category": 14,
        "lat": 52.420033563000004,
        "lng": 9.7985403022,
        "pin_method": "INTERIOR_MAX_CLEARANCE_GRID",
        "original_poi": null,
        "pin_shift_m": 0,
        "source_url": "https://www.openstreetmap.org/way/208261639",
        "source_version": 17,
        "source_timestamp": "2025-04-19T12:51:36Z",
        "building_source_url": "https://www.openstreetmap.org/way/208261639",
        "building_version": 17,
        "building_timestamp": "2025-04-19T12:51:36Z",
        "address_fields_from_building": [],
        "website_original": "https://restaurant-palios.de",
        "website": "https://restaurant-palios.de",
        "polygon_status": "CONTAINING_BUILDING_NOT_TENANCY_VERIFIED",
        "status": "OSM_SOURCED_NOT_OPERATOR_VERIFIED",
        "chat_radius_km": 0.0026,
        "boundary_clearance_m": 5.940193568669535,
        "boundary_margin_m": 3.3,
        "radius_status": "CIRCLE_INSIDE_OSM_BUILDING_NOT_GPS_GUARANTEE",
        "view_km": 32.0
      }
    },
    {
      "type": "Feature",
      "geometry": {
        "type": "Polygon",
        "coordinates": [
          [
            [
              9.7548915,
              52.3917487
            ],
            [
              9.7550408,
              52.3916385
            ],
            [
              9.755223,
              52.3917303
            ],
            [
              9.7552552,
              52.3918232
            ],
            [
              9.7551112,
              52.3918418
            ],
            [
              9.7550939,
              52.3917921
            ],
            [
              9.7550257,
              52.3917577
            ],
            [
              9.7549785,
              52.3917925
            ],
            [
              9.7548915,
              52.3917487
            ]
          ]
        ]
      },
      "properties": {
        "key": "osm-node-600299658",
        "name": "Pfefferkorn",
        "city": "Hannover",
        "street": "Waldstraße 3",
        "zip": "30163",
        "category": 14,
        "lat": 52.39170975665,
        "lng": 9.755052073549999,
        "pin_method": "INTERIOR_MAX_CLEARANCE_GRID",
        "original_poi": [
          9.7550215,
          52.3916698
        ],
        "pin_shift_m": 4.909007937693847,
        "source_url": "https://www.openstreetmap.org/node/600299658",
        "source_version": 8,
        "source_timestamp": "2025-10-12T18:25:55Z",
        "building_source_url": "https://www.openstreetmap.org/way/1374699034",
        "building_version": 3,
        "building_timestamp": "2026-03-29T17:06:41Z",
        "address_fields_from_building": [],
        "website_original": "https://www.pfefferkornhannover.de",
        "website": "https://www.pfefferkornhannover.de",
        "polygon_status": "CONTAINING_BUILDING_NOT_TENANCY_VERIFIED",
        "status": "OSM_SOURCED_NOT_OPERATOR_VERIFIED",
        "chat_radius_km": 0.0023,
        "boundary_clearance_m": 5.62930157488815,
        "boundary_margin_m": 3.3,
        "radius_status": "CIRCLE_INSIDE_OSM_BUILDING_NOT_GPS_GUARANTEE",
        "view_km": 32.0
      }
    },
    {
      "type": "Feature",
      "geometry": {
        "type": "Polygon",
        "coordinates": [
          [
            [
              9.8264736,
              52.3427896
            ],
            [
              9.8266777,
              52.3429076
            ],
            [
              9.8268833,
              52.3428345
            ],
            [
              9.8269518,
              52.3428341
            ],
            [
              9.8269599,
              52.3427873
            ],
            [
              9.8268887,
              52.3427846
            ],
            [
              9.8268869,
              52.3426141
            ],
            [
              9.826648,
              52.3426148
            ],
            [
              9.8266474,
              52.3427454
            ],
            [
              9.8265917,
              52.3427658
            ],
            [
              9.8265661,
              52.3427472
            ],
            [
              9.8264736,
              52.3427896
            ]
          ]
        ]
      },
      "properties": {
        "key": "osm-way-191088889",
        "name": "Rembetiko",
        "city": "Hannover",
        "street": "Brabeckstraße 168",
        "zip": "30539",
        "category": 14,
        "lat": 52.34278682475001,
        "lng": 9.8267585718,
        "pin_method": "INTERIOR_MAX_CLEARANCE_GRID",
        "original_poi": null,
        "pin_shift_m": 0,
        "source_url": "https://www.openstreetmap.org/way/191088889",
        "source_version": 8,
        "source_timestamp": "2023-12-02T12:36:12Z",
        "building_source_url": "https://www.openstreetmap.org/way/191088889",
        "building_version": 8,
        "building_timestamp": "2023-12-02T12:36:12Z",
        "address_fields_from_building": [],
        "website_original": "https://www.rembetiko-hannover.de/de",
        "website": "https://www.rembetiko-hannover.de/de",
        "polygon_status": "CONTAINING_BUILDING_NOT_TENANCY_VERIFIED",
        "status": "OSM_SOURCED_NOT_OPERATOR_VERIFIED",
        "chat_radius_km": 0.0055,
        "boundary_clearance_m": 8.853404926087974,
        "boundary_margin_m": 3.3,
        "radius_status": "CIRCLE_INSIDE_OSM_BUILDING_NOT_GPS_GUARANTEE",
        "view_km": 32.0
      }
    },
    {
      "type": "Feature",
      "geometry": {
        "type": "Polygon",
        "coordinates": [
          [
            [
              9.8257658,
              52.3637797
            ],
            [
              9.825782,
              52.3637449
            ],
            [
              9.8257919,
              52.3637466
            ],
            [
              9.8258002,
              52.3637278
            ],
            [
              9.8257846,
              52.3637252
            ],
            [
              9.8258052,
              52.3636802
            ],
            [
              9.8258194,
              52.3636826
            ],
            [
              9.8258438,
              52.3636294
            ],
            [
              9.8259053,
              52.3636399
            ],
            [
              9.8259077,
              52.3636346
            ],
            [
              9.8259888,
              52.3636484
            ],
            [
              9.8259861,
              52.3636543
            ],
            [
              9.8260378,
              52.3636631
            ],
            [
              9.8259709,
              52.3638094
            ],
            [
              9.8259093,
              52.3637989
            ],
            [
              9.8259014,
              52.3638161
            ],
            [
              9.8258335,
              52.3638045
            ],
            [
              9.8258418,
              52.3637865
            ],
            [
              9.8258246,
              52.3637835
            ],
            [
              9.8258217,
              52.3637896
            ],
            [
              9.8257658,
              52.3637797
            ]
          ]
        ]
      },
      "properties": {
        "key": "osm-way-190595939",
        "name": "Restaurant Oikos",
        "city": "Hannover",
        "street": "Mardalstraße 12",
        "zip": "30559",
        "category": 14,
        "lat": 52.363719949499995,
        "lng": 9.825903704,
        "pin_method": "INTERIOR_MAX_CLEARANCE_GRID",
        "original_poi": null,
        "pin_shift_m": 0,
        "source_url": "https://www.openstreetmap.org/way/190595939",
        "source_version": 12,
        "source_timestamp": "2026-05-01T19:53:49Z",
        "building_source_url": "https://www.openstreetmap.org/way/190595939",
        "building_version": 12,
        "building_timestamp": "2026-05-01T19:53:49Z",
        "address_fields_from_building": [],
        "website_original": "https://oikos-hannover.de/",
        "website": "https://oikos-hannover.de/",
        "polygon_status": "CONTAINING_BUILDING_NOT_TENANCY_VERIFIED",
        "status": "OSM_SOURCED_NOT_OPERATOR_VERIFIED",
        "chat_radius_km": 0.0037,
        "boundary_clearance_m": 7.0775760303857105,
        "boundary_margin_m": 3.3,
        "radius_status": "CIRCLE_INSIDE_OSM_BUILDING_NOT_GPS_GUARANTEE",
        "view_km": 32.0
      }
    },
    {
      "type": "Feature",
      "geometry": {
        "type": "Polygon",
        "coordinates": [
          [
            [
              9.7355984,
              52.3711243
            ],
            [
              9.7356058,
              52.3711195
            ],
            [
              9.735682,
              52.3710698
            ],
            [
              9.7357211,
              52.3710443
            ],
            [
              9.7357974,
              52.3709946
            ],
            [
              9.7358125,
              52.3709847
            ],
            [
              9.7357641,
              52.3709519
            ],
            [
              9.7357298,
              52.3709286
            ],
            [
              9.7357137,
              52.3709177
            ],
            [
              9.735682,
              52.3708962
            ],
            [
              9.7356661,
              52.3708981
            ],
            [
              9.735616,
              52.3709224
            ],
            [
              9.735609,
              52.370956
            ],
            [
              9.7355513,
              52.3709905
            ],
            [
              9.7355335,
              52.37098
            ],
            [
              9.7354572,
              52.3710292
            ],
            [
              9.735541,
              52.3710857
            ],
            [
              9.7355984,
              52.3711243
            ]
          ]
        ]
      },
      "properties": {
        "key": "osm-node-1440320284",
        "name": "Restaurant Otts",
        "city": "Hannover",
        "street": "Köbelingerstraße 1",
        "zip": "30159",
        "category": 14,
        "lat": 52.3710396749,
        "lng": 9.73559949765,
        "pin_method": "INTERIOR_MAX_CLEARANCE_GRID",
        "original_poi": [
          9.7357264,
          52.3709974
        ],
        "pin_shift_m": 9.825386719978473,
        "source_url": "https://www.openstreetmap.org/node/1440320284",
        "source_version": 13,
        "source_timestamp": "2026-01-12T10:26:01Z",
        "building_source_url": "https://www.openstreetmap.org/way/529204865",
        "building_version": 10,
        "building_timestamp": "2025-05-22T14:29:46Z",
        "address_fields_from_building": [],
        "website_original": "https://www.restaurant-otts.de/",
        "website": "https://www.restaurant-otts.de/",
        "polygon_status": "CONTAINING_BUILDING_NOT_TENANCY_VERIFIED",
        "status": "OSM_SOURCED_NOT_OPERATOR_VERIFIED",
        "chat_radius_km": 0.003,
        "boundary_clearance_m": 6.379433379705072,
        "boundary_margin_m": 3.3,
        "radius_status": "CIRCLE_INSIDE_OSM_BUILDING_NOT_GPS_GUARANTEE",
        "view_km": 32.0
      }
    },
    {
      "type": "Feature",
      "geometry": {
        "type": "Polygon",
        "coordinates": [
          [
            [
              9.7430783,
              52.3892333
            ],
            [
              9.7432328,
              52.389265
            ],
            [
              9.7431779,
              52.3893516
            ],
            [
              9.7432552,
              52.3893785
            ],
            [
              9.7432849,
              52.3893888
            ],
            [
              9.7431863,
              52.3894937
            ],
            [
              9.7431624,
              52.3894848
            ],
            [
              9.7430037,
              52.3894256
            ],
            [
              9.7430439,
              52.3893059
            ],
            [
              9.7430699,
              52.3892483
            ],
            [
              9.7430783,
              52.3892333
            ]
          ]
        ]
      },
      "properties": {
        "key": "osm-node-84450585",
        "name": "Restaurante Fellini",
        "city": "Hannover",
        "street": "Voßstraße 42",
        "zip": "30161",
        "category": 14,
        "lat": 52.3894081586,
        "lng": 9.743143737599997,
        "pin_method": "INTERIOR_MAX_CLEARANCE_GRID",
        "original_poi": [
          9.7431594,
          52.3894272
        ],
        "pin_shift_m": 2.3717751272033545,
        "source_url": "https://www.openstreetmap.org/node/84450585",
        "source_version": 22,
        "source_timestamp": "2026-03-21T21:11:14Z",
        "building_source_url": "https://www.openstreetmap.org/way/351706363",
        "building_version": 8,
        "building_timestamp": "2025-11-29T21:28:04Z",
        "address_fields_from_building": [],
        "website_original": "https://www.ristorante-fellini.de/",
        "website": "https://www.ristorante-fellini.de/",
        "polygon_status": "CONTAINING_BUILDING_NOT_TENANCY_VERIFIED",
        "status": "OSM_SOURCED_NOT_OPERATOR_VERIFIED",
        "chat_radius_km": 0.0033,
        "boundary_clearance_m": 6.618332160268733,
        "boundary_margin_m": 3.3,
        "radius_status": "CIRCLE_INSIDE_OSM_BUILDING_NOT_GPS_GUARANTEE",
        "view_km": 32.0
      }
    },
    {
      "type": "Feature",
      "geometry": {
        "type": "Polygon",
        "coordinates": [
          [
            [
              9.7471447,
              52.3813562
            ],
            [
              9.7474286,
              52.3814155
            ],
            [
              9.7473854,
              52.3814923
            ],
            [
              9.7473529,
              52.3815474
            ],
            [
              9.7471984,
              52.3815134
            ],
            [
              9.747229,
              52.3814596
            ],
            [
              9.7471021,
              52.3814331
            ],
            [
              9.7471447,
              52.3813562
            ]
          ]
        ]
      },
      "properties": {
        "key": "osm-node-288173604",
        "name": "Salentino",
        "city": "Hannover",
        "street": "Sedanstraße 52",
        "zip": "30161",
        "category": 14,
        "lat": 52.3814492188,
        "lng": 9.7473159575,
        "pin_method": "INTERIOR_MAX_CLEARANCE_GRID",
        "original_poi": [
          9.7473763,
          52.381436
        ],
        "pin_shift_m": 4.356324819386656,
        "source_url": "https://www.openstreetmap.org/node/288173604",
        "source_version": 15,
        "source_timestamp": "2025-11-30T16:18:49Z",
        "building_source_url": "https://www.openstreetmap.org/way/166529820",
        "building_version": 7,
        "building_timestamp": "2023-06-11T18:22:59Z",
        "address_fields_from_building": [],
        "website_original": "https://italiener-hannover.de",
        "website": "https://italiener-hannover.de",
        "polygon_status": "CONTAINING_BUILDING_NOT_TENANCY_VERIFIED",
        "status": "OSM_SOURCED_NOT_OPERATOR_VERIFIED",
        "chat_radius_km": 0.0027,
        "boundary_clearance_m": 6.020273497532895,
        "boundary_margin_m": 3.3,
        "radius_status": "CIRCLE_INSIDE_OSM_BUILDING_NOT_GPS_GUARANTEE",
        "view_km": 32.0
      }
    },
    {
      "type": "Feature",
      "geometry": {
        "type": "Polygon",
        "coordinates": [
          [
            [
              9.6972135,
              52.3912745
            ],
            [
              9.6968488,
              52.391311
            ],
            [
              9.6968528,
              52.3913289
            ],
            [
              9.696789,
              52.3913349
            ],
            [
              9.696313,
              52.3913838
            ],
            [
              9.696292,
              52.3913177
            ],
            [
              9.69628,
              52.3912733
            ],
            [
              9.6967132,
              52.3912262
            ],
            [
              9.6967096,
              52.3912142
            ],
            [
              9.6962739,
              52.3912598
            ],
            [
              9.6962383,
              52.391138
            ],
            [
              9.6966748,
              52.3910916
            ],
            [
              9.6966997,
              52.391181
            ],
            [
              9.6971669,
              52.3911314
            ],
            [
              9.697181,
              52.3911733
            ],
            [
              9.6972135,
              52.3912745
            ]
          ]
        ]
      },
      "properties": {
        "key": "osm-way-10142063",
        "name": "Schlossküche Herrenhausen",
        "city": "Hannover",
        "street": "Alte Herrenhäuser Straße 3",
        "zip": "30419",
        "category": 14,
        "lat": 52.39123623900001,
        "lng": 9.696867304,
        "pin_method": "INTERIOR_MAX_CLEARANCE_GRID",
        "original_poi": null,
        "pin_shift_m": 0,
        "source_url": "https://www.openstreetmap.org/way/10142063",
        "source_version": 21,
        "source_timestamp": "2025-11-14T21:36:41Z",
        "building_source_url": "https://www.openstreetmap.org/way/10142063",
        "building_version": 21,
        "building_timestamp": "2025-11-14T21:36:41Z",
        "address_fields_from_building": [],
        "website_original": "http://www.schlosskueche-herrenhausen.de",
        "website": "http://www.schlosskueche-herrenhausen.de",
        "polygon_status": "CONTAINING_BUILDING_NOT_TENANCY_VERIFIED",
        "status": "OSM_SOURCED_NOT_OPERATOR_VERIFIED",
        "chat_radius_km": 0.0047,
        "boundary_clearance_m": 8.00924785289703,
        "boundary_margin_m": 3.3,
        "radius_status": "CIRCLE_INSIDE_OSM_BUILDING_NOT_GPS_GUARANTEE",
        "view_km": 32.0
      }
    },
    {
      "type": "Feature",
      "geometry": {
        "type": "Polygon",
        "coordinates": [
          [
            [
              9.6875525,
              52.3931405
            ],
            [
              9.6879196,
              52.3931034
            ],
            [
              9.6878735,
              52.3929335
            ],
            [
              9.6875063,
              52.3929707
            ],
            [
              9.6875326,
              52.3930672
            ],
            [
              9.6875525,
              52.3931405
            ]
          ]
        ]
      },
      "properties": {
        "key": "osm-way-23913511",
        "name": "Stadtbibliothek Herrenhausen",
        "city": "Hannover",
        "street": "Herrenhäuser Straße 52",
        "zip": "30419",
        "category": 16,
        "lat": 52.393034723,
        "lng": 9.687735681500001,
        "pin_method": "INTERIOR_MAX_CLEARANCE_GRID",
        "original_poi": null,
        "pin_shift_m": 0,
        "source_url": "https://www.openstreetmap.org/way/23913511",
        "source_version": 18,
        "source_timestamp": "2026-09-08T10:25:33Z",
        "building_source_url": "https://www.openstreetmap.org/way/23913511",
        "building_version": 18,
        "building_timestamp": "2026-09-08T10:25:33Z",
        "address_fields_from_building": [],
        "website_original": "https://www.hannover.de/Media/02-GIS-Objekte/Organisationsdatenbank/Landeshauptstadt-Hannover/Bildung/Stadtbibliothek-Hannover/Stadtbibliothek-Herrenhausen",
        "website": "https://www.hannover.de/Media/02-GIS-Objekte/Organisationsdatenbank/Landeshauptstadt-Hannover/Bildung/Stadtbibliothek-Hannover/Stadtbibliothek-Herrenhausen",
        "polygon_status": "CONTAINING_BUILDING_NOT_TENANCY_VERIFIED",
        "status": "OSM_SOURCED_NOT_OPERATOR_VERIFIED",
        "chat_radius_km": 0.0062,
        "boundary_clearance_m": 9.582741927307938,
        "boundary_margin_m": 3.3,
        "radius_status": "CIRCLE_INSIDE_OSM_BUILDING_NOT_GPS_GUARANTEE",
        "view_km": 32.0
      }
    },
    {
      "type": "Feature",
      "geometry": {
        "type": "Polygon",
        "coordinates": [
          [
            [
              9.784235,
              52.3908141
            ],
            [
              9.7843759,
              52.3907372
            ],
            [
              9.784269,
              52.3906638
            ],
            [
              9.7844973,
              52.3905392
            ],
            [
              9.7845726,
              52.3905908
            ],
            [
              9.7845227,
              52.3906181
            ],
            [
              9.7844988,
              52.3906151
            ],
            [
              9.7844802,
              52.3906253
            ],
            [
              9.7844824,
              52.3906401
            ],
            [
              9.7844956,
              52.3906491
            ],
            [
              9.7845398,
              52.390625
            ],
            [
              9.784566,
              52.390643
            ],
            [
              9.7845742,
              52.3906385
            ],
            [
              9.7847034,
              52.3907271
            ],
            [
              9.7846841,
              52.3907372
            ],
            [
              9.7846216,
              52.3907717
            ],
            [
              9.7845463,
              52.3908128
            ],
            [
              9.7845651,
              52.3908257
            ],
            [
              9.7844832,
              52.3908704
            ],
            [
              9.7844809,
              52.3908687
            ],
            [
              9.7844578,
              52.3908814
            ],
            [
              9.7844267,
              52.3908983
            ],
            [
              9.7844104,
              52.3908871
            ],
            [
              9.7843714,
              52.3909084
            ],
            [
              9.784235,
              52.3908141
            ]
          ]
        ]
      },
      "properties": {
        "key": "osm-way-159762792",
        "name": "Steuerndieb",
        "city": "Hannover",
        "street": "Steuerndieb 1",
        "zip": "30655",
        "category": 14,
        "lat": 52.390728415,
        "lng": 9.784505501000002,
        "pin_method": "INTERIOR_MAX_CLEARANCE_GRID",
        "original_poi": null,
        "pin_shift_m": 0,
        "source_url": "https://www.openstreetmap.org/way/159762792",
        "source_version": 14,
        "source_timestamp": "2026-02-20T22:03:33Z",
        "building_source_url": "https://www.openstreetmap.org/way/159762792",
        "building_version": 14,
        "building_timestamp": "2026-02-20T22:03:33Z",
        "address_fields_from_building": [],
        "website_original": "https://www.steuerndieb.de/",
        "website": "https://www.steuerndieb.de/",
        "polygon_status": "CONTAINING_BUILDING_NOT_TENANCY_VERIFIED",
        "status": "OSM_SOURCED_NOT_OPERATOR_VERIFIED",
        "chat_radius_km": 0.0055,
        "boundary_clearance_m": 8.849591263472814,
        "boundary_margin_m": 3.3,
        "radius_status": "CIRCLE_INSIDE_OSM_BUILDING_NOT_GPS_GUARANTEE",
        "view_km": 32.0
      }
    },
    {
      "type": "Feature",
      "geometry": {
        "type": "Polygon",
        "coordinates": [
          [
            [
              9.7201027,
              52.3865554
            ],
            [
              9.7203387,
              52.3865872
            ],
            [
              9.7203418,
              52.3866031
            ],
            [
              9.7203589,
              52.3866918
            ],
            [
              9.7200727,
              52.3866544
            ],
            [
              9.7201027,
              52.3865554
            ]
          ]
        ]
      },
      "properties": {
        "key": "osm-node-5659481836",
        "name": "Tante Franz",
        "city": "Hannover",
        "street": "Hahnenstraße 1",
        "zip": "30167",
        "category": 14,
        "lat": 52.3866234636,
        "lng": 9.720227534200001,
        "pin_method": "INTERIOR_MAX_CLEARANCE_GRID",
        "original_poi": [
          9.7203245,
          52.3866791
        ],
        "pin_shift_m": 9.042177959707294,
        "source_url": "https://www.openstreetmap.org/node/5659481836",
        "source_version": 15,
        "source_timestamp": "2026-08-11T18:51:57Z",
        "building_source_url": "https://www.openstreetmap.org/way/124842029",
        "building_version": 9,
        "building_timestamp": "2026-06-08T21:22:01Z",
        "address_fields_from_building": [],
        "website_original": "https://tantefranz.com",
        "website": "https://tantefranz.com",
        "polygon_status": "CONTAINING_BUILDING_NOT_TENANCY_VERIFIED",
        "status": "OSM_SOURCED_NOT_OPERATOR_VERIFIED",
        "chat_radius_km": 0.0022,
        "boundary_clearance_m": 5.569980072859025,
        "boundary_margin_m": 3.3,
        "radius_status": "CIRCLE_INSIDE_OSM_BUILDING_NOT_GPS_GUARANTEE",
        "view_km": 32.0
      }
    },
    {
      "type": "Feature",
      "geometry": {
        "type": "Polygon",
        "coordinates": [
          [
            [
              9.7203639,
              52.3678512
            ],
            [
              9.7201251,
              52.3677825
            ],
            [
              9.7202253,
              52.3676798
            ],
            [
              9.720279,
              52.3676252
            ],
            [
              9.7204884,
              52.3676868
            ],
            [
              9.720449,
              52.3677382
            ],
            [
              9.7204304,
              52.3677632
            ],
            [
              9.7203639,
              52.3678512
            ]
          ]
        ]
      },
      "properties": {
        "key": "osm-node-6548522788",
        "name": "Taste of India",
        "city": "Hannover",
        "street": "Schwarzer Bär 5",
        "zip": "30449",
        "category": 14,
        "lat": 52.367748256999995,
        "lng": 9.720304025250002,
        "pin_method": "INTERIOR_MAX_CLEARANCE_GRID",
        "original_poi": [
          9.7203286,
          52.3677958
        ],
        "pin_shift_m": 5.549824030310288,
        "source_url": "https://www.openstreetmap.org/node/6548522788",
        "source_version": 5,
        "source_timestamp": "2025-08-21T10:54:40Z",
        "building_source_url": "https://www.openstreetmap.org/way/1126016004",
        "building_version": 3,
        "building_timestamp": "2026-08-27T14:02:03Z",
        "address_fields_from_building": [
          "addr:city",
          "addr:street",
          "addr:housenumber",
          "addr:postcode"
        ],
        "website_original": "https://www.taste-of-india-hannover.de",
        "website": "https://www.taste-of-india-hannover.de",
        "polygon_status": "CONTAINING_BUILDING_NOT_TENANCY_VERIFIED",
        "status": "OSM_SOURCED_NOT_OPERATOR_VERIFIED",
        "chat_radius_km": 0.0050999999999999995,
        "boundary_clearance_m": 8.496506591925908,
        "boundary_margin_m": 3.3,
        "radius_status": "CIRCLE_INSIDE_OSM_BUILDING_NOT_GPS_GUARANTEE",
        "view_km": 32.0
      }
    },
    {
      "type": "Feature",
      "geometry": {
        "type": "Polygon",
        "coordinates": [
          [
            [
              9.7428936,
              52.3675239
            ],
            [
              9.7428406,
              52.3677752
            ],
            [
              9.7428949,
              52.3678321
            ],
            [
              9.74295,
              52.3678899
            ],
            [
              9.7429687,
              52.3678902
            ],
            [
              9.7429707,
              52.3679124
            ],
            [
              9.7431979,
              52.3679012
            ],
            [
              9.7434231,
              52.3678902
            ],
            [
              9.7434213,
              52.3678657
            ],
            [
              9.7434334,
              52.3678661
            ],
            [
              9.7434729,
              52.3678043
            ],
            [
              9.7435139,
              52.3677401
            ],
            [
              9.7433801,
              52.3674976
            ],
            [
              9.7434156,
              52.3674956
            ],
            [
              9.7434012,
              52.367392
            ],
            [
              9.7428531,
              52.3674227
            ],
            [
              9.7428586,
              52.367475
            ],
            [
              9.7428639,
              52.3675254
            ],
            [
              9.7428936,
              52.3675239
            ]
          ]
        ]
      },
      "properties": {
        "key": "osm-way-530821845",
        "name": "Theater am Aegi",
        "city": "Hannover",
        "street": "Aegidientorplatz 2",
        "zip": "30169",
        "category": 12,
        "lat": 52.3677115256,
        "lng": 9.74316883375,
        "pin_method": "INTERIOR_MAX_CLEARANCE_GRID",
        "original_poi": null,
        "pin_shift_m": 0,
        "source_url": "https://www.openstreetmap.org/way/530821845",
        "source_version": 10,
        "source_timestamp": "2026-03-06T14:48:24Z",
        "building_source_url": "https://www.openstreetmap.org/way/530821845",
        "building_version": 10,
        "building_timestamp": "2026-03-06T14:48:24Z",
        "address_fields_from_building": [],
        "website_original": "https://www.theater-am-aegi.de/",
        "website": "https://www.theater-am-aegi.de/",
        "polygon_status": "CONTAINING_BUILDING_NOT_TENANCY_VERIFIED",
        "status": "OSM_SOURCED_NOT_OPERATOR_VERIFIED",
        "chat_radius_km": 0.0179,
        "boundary_clearance_m": 21.205062723270014,
        "boundary_margin_m": 3.3,
        "radius_status": "CIRCLE_INSIDE_OSM_BUILDING_NOT_GPS_GUARANTEE",
        "view_km": 32.0
      }
    },
    {
      "type": "Feature",
      "geometry": {
        "type": "Polygon",
        "coordinates": [
          [
            [
              9.7612882,
              52.3467155
            ],
            [
              9.7613208,
              52.3467281
            ],
            [
              9.7614704,
              52.3467861
            ],
            [
              9.7614874,
              52.3467699
            ],
            [
              9.7615841,
              52.3466766
            ],
            [
              9.761593,
              52.3466681
            ],
            [
              9.761537,
              52.3466465
            ],
            [
              9.7615497,
              52.3466343
            ],
            [
              9.7614771,
              52.3466062
            ],
            [
              9.7614534,
              52.346629
            ],
            [
              9.7613997,
              52.3466081
            ],
            [
              9.7612882,
              52.3467155
            ]
          ]
        ]
      },
      "properties": {
        "key": "osm-way-174786697",
        "name": "Vier Jahreszeiten",
        "city": "Hannover",
        "street": "Waldhausenstraße 1",
        "zip": "30519",
        "category": 14,
        "lat": 52.3466948907,
        "lng": 9.7614373996,
        "pin_method": "INTERIOR_MAX_CLEARANCE_GRID",
        "original_poi": null,
        "pin_shift_m": 0,
        "source_url": "https://www.openstreetmap.org/way/174786697",
        "source_version": 15,
        "source_timestamp": "2026-07-18T11:36:24Z",
        "building_source_url": "https://www.openstreetmap.org/way/174786697",
        "building_version": 15,
        "building_timestamp": "2026-07-18T11:36:24Z",
        "address_fields_from_building": [],
        "website_original": "https://www.restaurant-vierjahreszeiten.de/",
        "website": "https://www.restaurant-vierjahreszeiten.de/",
        "polygon_status": "CONTAINING_BUILDING_NOT_TENANCY_VERIFIED",
        "status": "OSM_SOURCED_NOT_OPERATOR_VERIFIED",
        "chat_radius_km": 0.004,
        "boundary_clearance_m": 7.339499650869952,
        "boundary_margin_m": 3.3,
        "radius_status": "CIRCLE_INSIDE_OSM_BUILDING_NOT_GPS_GUARANTEE",
        "view_km": 32.0
      }
    },
    {
      "type": "Feature",
      "geometry": {
        "type": "Polygon",
        "coordinates": [
          [
            [
              9.7363242,
              52.372079
            ],
            [
              9.7364433,
              52.3721594
            ],
            [
              9.7364523,
              52.3721655
            ],
            [
              9.7364027,
              52.372193
            ],
            [
              9.7363232,
              52.3722372
            ],
            [
              9.7361938,
              52.3721515
            ],
            [
              9.736272,
              52.372108
            ],
            [
              9.7363242,
              52.372079
            ]
          ]
        ]
      },
      "properties": {
        "key": "osm-node-7616718041",
        "name": "grüpchen",
        "city": "Hannover",
        "street": "Grupenstraße 10",
        "zip": "30159",
        "category": 14,
        "lat": 52.3721573881,
        "lng": 9.736322015999999,
        "pin_method": "INTERIOR_MAX_CLEARANCE_GRID",
        "original_poi": [
          9.7363326,
          52.3721252
        ],
        "pin_shift_m": 3.6546702802404982,
        "source_url": "https://www.openstreetmap.org/node/7616718041",
        "source_version": 4,
        "source_timestamp": "2024-08-19T05:23:09Z",
        "building_source_url": "https://www.openstreetmap.org/way/553133378",
        "building_version": 4,
        "building_timestamp": "2024-06-27T13:55:36Z",
        "address_fields_from_building": [],
        "website_original": "https://hotel-an-der-marktkirche.de/grupchen/",
        "website": "https://hotel-an-der-marktkirche.de/grupchen/",
        "polygon_status": "CONTAINING_BUILDING_NOT_TENANCY_VERIFIED",
        "status": "OSM_SOURCED_NOT_OPERATOR_VERIFIED",
        "chat_radius_km": 0.0026,
        "boundary_clearance_m": 5.962796308469169,
        "boundary_margin_m": 3.3,
        "radius_status": "CIRCLE_INSIDE_OSM_BUILDING_NOT_GPS_GUARANTEE",
        "view_km": 32.0
      }
    },
    {
      "type": "Feature",
      "geometry": {
        "type": "Polygon",
        "coordinates": [
          [
            [
              9.7375381,
              52.4228766
            ],
            [
              9.7375799,
              52.4225497
            ],
            [
              9.7375948,
              52.4224332
            ],
            [
              9.7378326,
              52.4224445
            ],
            [
              9.7378031,
              52.4226749
            ],
            [
              9.7377759,
              52.422888
            ],
            [
              9.7375381,
              52.4228766
            ]
          ]
        ]
      },
      "properties": {
        "key": "osm-way-103699285",
        "name": "41",
        "city": "Hannover",
        "street": "Kugelfangtrift 1",
        "zip": "30179",
        "category": 16,
        "lat": 52.42267424399999,
        "lng": 9.737683583,
        "pin_method": "INTERIOR_MAX_CLEARANCE_GRID",
        "original_poi": null,
        "pin_shift_m": 0,
        "source_url": "https://www.openstreetmap.org/way/103699285",
        "source_version": 10,
        "source_timestamp": "2025-07-06T18:39:09Z",
        "building_source_url": "https://www.openstreetmap.org/way/103699285",
        "building_version": 10,
        "building_timestamp": "2025-07-06T18:39:09Z",
        "address_fields_from_building": [],
        "website_original": null,
        "website": null,
        "polygon_status": "CONTAINING_BUILDING_NOT_TENANCY_VERIFIED",
        "status": "OSM_SOURCED_NOT_OPERATOR_VERIFIED",
        "chat_radius_km": 0.0047,
        "boundary_clearance_m": 8.094783662172738,
        "boundary_margin_m": 3.3,
        "radius_status": "CIRCLE_INSIDE_OSM_BUILDING_NOT_GPS_GUARANTEE",
        "view_km": 32.0
      }
    },
    {
      "type": "Feature",
      "geometry": {
        "type": "Polygon",
        "coordinates": [
          [
            [
              9.7193794,
              52.3663851
            ],
            [
              9.7194596,
              52.3665483
            ],
            [
              9.7192915,
              52.3665717
            ],
            [
              9.7192153,
              52.3664151
            ],
            [
              9.7193794,
              52.3663851
            ]
          ]
        ]
      },
      "properties": {
        "key": "osm-node-10183414928",
        "name": "Asia Luong",
        "city": "Hannover",
        "street": "Deisterstraße 20",
        "zip": "30449",
        "category": 14,
        "lat": 52.36650508380001,
        "lng": 9.719348687800002,
        "pin_method": "INTERIOR_MAX_CLEARANCE_GRID",
        "original_poi": [
          9.7193882,
          52.3664909
        ],
        "pin_shift_m": 3.1155032107685816,
        "source_url": "https://www.openstreetmap.org/node/10183414928",
        "source_version": 3,
        "source_timestamp": "2023-11-08T13:51:18Z",
        "building_source_url": "https://www.openstreetmap.org/way/1192929775",
        "building_version": 1,
        "building_timestamp": "2023-07-28T12:33:49Z",
        "address_fields_from_building": [
          "addr:city",
          "addr:street",
          "addr:housenumber",
          "addr:postcode"
        ],
        "website_original": null,
        "website": null,
        "polygon_status": "CONTAINING_BUILDING_NOT_TENANCY_VERIFIED",
        "status": "OSM_SOURCED_NOT_OPERATOR_VERIFIED",
        "chat_radius_km": 0.0025,
        "boundary_clearance_m": 5.838284497616937,
        "boundary_margin_m": 3.3,
        "radius_status": "CIRCLE_INSIDE_OSM_BUILDING_NOT_GPS_GUARANTEE",
        "view_km": 32.0
      }
    },
    {
      "type": "Feature",
      "geometry": {
        "type": "Polygon",
        "coordinates": [
          [
            [
              9.7339541,
              52.371824
            ],
            [
              9.734183,
              52.3718648
            ],
            [
              9.7340451,
              52.372024
            ],
            [
              9.7340292,
              52.3720423
            ],
            [
              9.7338632,
              52.3719832
            ],
            [
              9.7338804,
              52.3719638
            ],
            [
              9.7339247,
              52.3719139
            ],
            [
              9.7339541,
              52.371824
            ]
          ]
        ]
      },
      "properties": {
        "key": "osm-node-3410377179",
        "name": "Cafe & Bar Celona",
        "city": "Hannover",
        "street": "Knochenhauerstraße 42",
        "zip": "30159",
        "category": 14,
        "lat": 52.37191132000001,
        "lng": 9.7340285366,
        "pin_method": "INTERIOR_MAX_CLEARANCE_GRID",
        "original_poi": [
          9.7341154,
          52.3718668
        ],
        "pin_shift_m": 7.7080855776977115,
        "source_url": "https://www.openstreetmap.org/node/3410377179",
        "source_version": 9,
        "source_timestamp": "2024-12-26T22:03:46Z",
        "building_source_url": "https://www.openstreetmap.org/way/527942702",
        "building_version": 5,
        "building_timestamp": "2023-09-06T12:24:42Z",
        "address_fields_from_building": [],
        "website_original": null,
        "website": null,
        "polygon_status": "CONTAINING_BUILDING_NOT_TENANCY_VERIFIED",
        "status": "OSM_SOURCED_NOT_OPERATOR_VERIFIED",
        "chat_radius_km": 0.0035,
        "boundary_clearance_m": 6.8592160335828805,
        "boundary_margin_m": 3.3,
        "radius_status": "CIRCLE_INSIDE_OSM_BUILDING_NOT_GPS_GUARANTEE",
        "view_km": 32.0
      }
    },
    {
      "type": "Feature",
      "geometry": {
        "type": "Polygon",
        "coordinates": [
          [
            [
              9.719013,
              52.392461
            ],
            [
              9.719041,
              52.392471
            ],
            [
              9.719069,
              52.39248
            ],
            [
              9.719095,
              52.39249
            ],
            [
              9.719063,
              52.392522
            ],
            [
              9.719052,
              52.392533
            ],
            [
              9.719075,
              52.392541
            ],
            [
              9.719056,
              52.392562
            ],
            [
              9.7190475,
              52.3925715
            ],
            [
              9.719039,
              52.392581
            ],
            [
              9.719035,
              52.392585
            ],
            [
              9.719155,
              52.392628
            ],
            [
              9.719159,
              52.392623
            ],
            [
              9.7191675,
              52.3926145
            ],
            [
              9.719176,
              52.392606
            ],
            [
              9.719275,
              52.392503
            ],
            [
              9.719148,
              52.392459
            ],
            [
              9.719047,
              52.392423
            ],
            [
              9.719013,
              52.392461
            ]
          ]
        ]
      },
      "properties": {
        "key": "osm-node-12681388907",
        "name": "Café Pico Greek Evros",
        "city": "Hannover",
        "street": "Engelbosteler Damm 111",
        "zip": "30167",
        "category": 5,
        "lat": 52.39252734500001,
        "lng": 9.719155135000001,
        "pin_method": "INTERIOR_MAX_CLEARANCE_GRID",
        "original_poi": [
          9.7191482,
          52.3925794
        ],
        "pin_shift_m": 5.813881821193827,
        "source_url": "https://www.openstreetmap.org/node/12681388907",
        "source_version": 2,
        "source_timestamp": "2026-02-23T14:20:29Z",
        "building_source_url": "https://www.openstreetmap.org/way/145407272",
        "building_version": 4,
        "building_timestamp": "2026-03-24T12:34:58Z",
        "address_fields_from_building": [
          "addr:city",
          "addr:street",
          "addr:housenumber",
          "addr:postcode"
        ],
        "website_original": null,
        "website": null,
        "polygon_status": "CONTAINING_BUILDING_NOT_TENANCY_VERIFIED",
        "status": "OSM_SOURCED_NOT_OPERATOR_VERIFIED",
        "chat_radius_km": 0.0023,
        "boundary_clearance_m": 5.652042473267743,
        "boundary_margin_m": 3.3,
        "radius_status": "CIRCLE_INSIDE_OSM_BUILDING_NOT_GPS_GUARANTEE",
        "view_km": 32.0
      }
    },
    {
      "type": "Feature",
      "geometry": {
        "type": "Polygon",
        "coordinates": [
          [
            [
              9.762998,
              52.410486
            ],
            [
              9.76302,
              52.410486
            ],
            [
              9.76302,
              52.410501
            ],
            [
              9.76305,
              52.410501
            ],
            [
              9.763242,
              52.410501
            ],
            [
              9.763242,
              52.410496
            ],
            [
              9.763333,
              52.410496
            ],
            [
              9.763332,
              52.410399
            ],
            [
              9.763162,
              52.4104
            ],
            [
              9.763162,
              52.410406
            ],
            [
              9.762998,
              52.410407
            ],
            [
              9.762998,
              52.410486
            ]
          ]
        ]
      },
      "properties": {
        "key": "osm-way-87951396",
        "name": "Döner Chef",
        "city": "Hannover",
        "street": "Holzwiesen 42",
        "zip": "30179",
        "category": 14,
        "lat": 52.410450356999995,
        "lng": 9.763204025,
        "pin_method": "INTERIOR_MAX_CLEARANCE_GRID",
        "original_poi": null,
        "pin_shift_m": 0,
        "source_url": "https://www.openstreetmap.org/way/87951396",
        "source_version": 7,
        "source_timestamp": "2026-02-09T19:45:16Z",
        "building_source_url": "https://www.openstreetmap.org/way/87951396",
        "building_version": 7,
        "building_timestamp": "2026-02-09T19:45:16Z",
        "address_fields_from_building": [],
        "website_original": null,
        "website": null,
        "polygon_status": "CONTAINING_BUILDING_NOT_TENANCY_VERIFIED",
        "status": "OSM_SOURCED_NOT_OPERATOR_VERIFIED",
        "chat_radius_km": 0.0023,
        "boundary_clearance_m": 5.632998294694573,
        "boundary_margin_m": 3.3,
        "radius_status": "CIRCLE_INSIDE_OSM_BUILDING_NOT_GPS_GUARANTEE",
        "view_km": 32.0
      }
    },
    {
      "type": "Feature",
      "geometry": {
        "type": "Polygon",
        "coordinates": [
          [
            [
              9.7156793,
              52.3639133
            ],
            [
              9.7156249,
              52.3639038
            ],
            [
              9.7156336,
              52.3638846
            ],
            [
              9.7155686,
              52.3638731
            ],
            [
              9.7155764,
              52.3638563
            ],
            [
              9.7154777,
              52.3638379
            ],
            [
              9.7154224,
              52.363953
            ],
            [
              9.7154398,
              52.3639751
            ],
            [
              9.7156347,
              52.3640075
            ],
            [
              9.7156793,
              52.3639133
            ]
          ]
        ]
      },
      "properties": {
        "key": "osm-node-667761387",
        "name": "Gaston",
        "city": "Hannover",
        "street": "Posthornstraße 10",
        "zip": "30449",
        "category": 4,
        "lat": 52.3639293144,
        "lng": 9.71553607825,
        "pin_method": "INTERIOR_MAX_CLEARANCE_GRID",
        "original_poi": [
          9.7154509,
          52.363958
        ],
        "pin_shift_m": 6.612325443259496,
        "source_url": "https://www.openstreetmap.org/node/667761387",
        "source_version": 6,
        "source_timestamp": "2025-04-16T14:19:21Z",
        "building_source_url": "https://www.openstreetmap.org/way/1097303193",
        "building_version": 2,
        "building_timestamp": "2023-01-06T14:12:34Z",
        "address_fields_from_building": [
          "addr:city",
          "addr:street",
          "addr:housenumber",
          "addr:postcode"
        ],
        "website_original": null,
        "website": null,
        "polygon_status": "CONTAINING_BUILDING_NOT_TENANCY_VERIFIED",
        "status": "OSM_SOURCED_NOT_OPERATOR_VERIFIED",
        "chat_radius_km": 0.0033,
        "boundary_clearance_m": 6.636807310747107,
        "boundary_margin_m": 3.3,
        "radius_status": "CIRCLE_INSIDE_OSM_BUILDING_NOT_GPS_GUARANTEE",
        "view_km": 32.0
      }
    },
    {
      "type": "Feature",
      "geometry": {
        "type": "Polygon",
        "coordinates": [
          [
            [
              9.7005125,
              52.3833614
            ],
            [
              9.7006692,
              52.3833418
            ],
            [
              9.7006856,
              52.3833895
            ],
            [
              9.7007265,
              52.3833844
            ],
            [
              9.7007338,
              52.3834054
            ],
            [
              9.7011727,
              52.3833491
            ],
            [
              9.7012131,
              52.3834659
            ],
            [
              9.7005788,
              52.3835521
            ],
            [
              9.7005125,
              52.3833614
            ]
          ]
        ]
      },
      "properties": {
        "key": "osm-way-164948162",
        "name": "Gaststätte u. Vereinsheim SV Odin",
        "city": "Hannover",
        "street": "An der Graft 1",
        "zip": "30167",
        "category": 4,
        "lat": 52.38346577185,
        "lng": 9.700669434400002,
        "pin_method": "INTERIOR_MAX_CLEARANCE_GRID",
        "original_poi": null,
        "pin_shift_m": 0,
        "source_url": "https://www.openstreetmap.org/way/164948162",
        "source_version": 3,
        "source_timestamp": "2019-01-12T12:59:23Z",
        "building_source_url": "https://www.openstreetmap.org/way/164948162",
        "building_version": 3,
        "building_timestamp": "2019-01-12T12:59:23Z",
        "address_fields_from_building": [],
        "website_original": null,
        "website": null,
        "polygon_status": "CONTAINING_BUILDING_NOT_TENANCY_VERIFIED",
        "status": "OSM_SOURCED_NOT_OPERATOR_VERIFIED",
        "chat_radius_km": 0.0047,
        "boundary_clearance_m": 8.018312815845128,
        "boundary_margin_m": 3.3,
        "radius_status": "CIRCLE_INSIDE_OSM_BUILDING_NOT_GPS_GUARANTEE",
        "view_km": 32.0
      }
    }
  ]
}
